year,month,anomaly
1850,1,-0.725  0.398
1850,2,-0.179  0.397
1850,3,-0.348  0.349
1850,4,-0.577  0.352
1850,5,-0.600  0.349
1850,6,-0.323  0.339
1850,7,-0.151  0.298
1850,8,-0.139  0.325
1850,9,-0.396  0.297
1850,10,-0.564  0.330
1850,11,-0.551  0.477
1850,12,-0.463  0.322
1851,1,-0.132  0.379
1851,2,-0.379  0.308
1851,3,-0.537  0.309
1851,4,-0.605  0.384
1851,5,-0.304  0.380
1851,6,-0.229  0.316
1851,7,-0.193  0.242
1851,8,-0.281  0.266
1851,9,-0.366  0.299
1851,10,-0.121  0.355
1851,11,-0.362  0.322
1851,12,-0.122  0.325
1852,1,-0.211  0.464
1852,2,-0.479  0.465
1852,3,-0.734  0.350
1852,4,-0.504  0.296
1852,5,-0.127  0.365
1852,6,-0.091  0.320
1852,7,-0.016  0.245
1852,8,-0.326  0.266
1852,9,-0.279  0.277
1852,10,-0.142  0.236
1852,11,-0.521  0.289
1852,12,0.106  0.332
1853,1,-0.317  0.427
1853,2,-0.330  0.480
1853,3,-0.377  0.304
1853,4,-0.248  0.338
1853,5,-0.242  0.315
1853,6,-0.149  0.295
1853,7,0.053  0.223
1853,8,-0.034  0.263
1853,9,-0.377  0.248
1853,10,-0.453  0.264
1853,11,-0.633  0.283
1853,12,-0.305  0.259
1854,1,-0.525  0.390
1854,2,-0.563  0.329
1854,3,-0.253  0.279
1854,4,-0.383  0.267
1854,5,-0.260  0.304
1854,6,-0.444  0.285
1854,7,-0.152  0.283
1854,8,-0.176  0.247
1854,9,-0.234  0.256
1854,10,0.132  0.367
1854,11,-0.220  0.339
1854,12,-0.189  0.492
1855,1,-0.005  0.525
1855,2,-0.091  0.424
1855,3,-0.248  0.299
1855,4,-0.062  0.262
1855,5,-0.209  0.303
1855,6,-0.311  0.210
1855,7,-0.347  0.226
1855,8,-0.227  0.231
1855,9,-0.454  0.213
1855,10,-0.285  0.250
1855,11,-0.369  0.271
1855,12,-0.526  0.344
1856,1,0.046  0.351
1856,2,-0.373  0.438
1856,3,-0.392  0.295
1856,4,-0.391  0.245
1856,5,-0.320  0.264
1856,6,-0.108  0.311
1856,7,-0.269  0.287
1856,8,-0.500  0.268
1856,9,-0.693  0.238
1856,10,-0.652  0.229
1856,11,-0.559  0.258
1856,12,-0.414  0.285
1857,1,-0.501  0.385
1857,2,-0.536  0.310
1857,3,-0.614  0.296
1857,4,-0.799  0.262
1857,5,-0.733  0.245
1857,6,-0.531  0.204
1857,7,-0.474  0.238
1857,8,-0.434  0.243
1857,9,-0.457  0.252
1857,10,-0.508  0.267
1857,11,-0.483  0.267
1857,12,-0.211  0.271
1858,1,-0.202  0.425
1858,2,-0.478  0.279
1858,3,-0.291  0.229
1858,4,-0.262  0.206
1858,5,-0.391  0.197
1858,6,-0.238  0.188
1858,7,-0.297  0.197
1858,8,-0.303  0.216
1858,9,-0.463  0.197
1858,10,-0.259  0.210
1858,11,-0.158  0.260
1858,12,-0.478  0.267
1859,1,-0.339  0.309
1859,2,-0.284  0.288
1859,3,-0.227  0.215
1859,4,0.032  0.205
1859,5,0.035  0.242
1859,6,-0.094  0.209
1859,7,-0.291  0.201
1859,8,-0.335  0.192
1859,9,-0.500  0.230
1859,10,-0.215  0.244
1859,11,-0.171  0.234
1859,12,-0.074  0.390
1860,1,-0.310  0.379
1860,2,-0.290  0.332
1860,3,-0.665  0.354
1860,4,-0.253  0.224
1860,5,-0.195  0.244
1860,6,-0.181  0.215
1860,7,-0.245  0.244
1860,8,-0.194  0.277
1860,9,-0.276  0.262
1860,10,-0.328  0.270
1860,11,-0.510  0.241
1860,12,-0.840  0.369
1861,1,-0.983  0.415
1861,2,-0.636  0.367
1861,3,-0.557  0.282
1861,4,-0.405  0.246
1861,5,-0.422  0.266
1861,6,-0.347  0.218
1861,7,-0.302  0.207
1861,8,-0.185  0.232
1861,9,-0.395  0.241
1861,10,-0.449  0.203
1861,11,-0.194  0.239
1861,12,-0.341  0.337
1862,1,-0.907  0.599
1862,2,-0.754  0.339
1862,3,-0.531  0.320
1862,4,-0.545  0.345
1862,5,-0.280  0.238
1862,6,-0.307  0.258
1862,7,-0.335  0.234
1862,8,-0.496  0.226
1862,9,-0.542  0.239
1862,10,-0.452  0.235
1862,11,-0.544  0.400
1862,12,-0.869  0.300
1863,1,-0.119  0.314
1863,2,-0.121  0.351
1863,3,-0.324  0.262
1863,4,-0.244  0.219
1863,5,-0.209  0.235
1863,6,-0.327  0.237
1863,7,-0.358  0.236
1863,8,-0.375  0.251
1863,9,-0.496  0.269
1863,10,-0.476  0.242
1863,11,-0.356  0.269
1863,12,-0.399  0.328
1864,1,-0.548  0.385
1864,2,-0.380  0.463
1864,3,-0.364  0.292
1864,4,-0.389  0.259
1864,5,-0.127  0.263
1864,6,-0.081  0.247
1864,7,-0.181  0.236
1864,8,-0.333  0.257
1864,9,-0.484  0.257
1864,10,-0.335  0.227
1864,11,-0.373  0.281
1864,12,-0.425  0.299
1865,1,0.111  0.329
1865,2,-0.276  0.320
1865,3,-0.398  0.322
1865,4,-0.376  0.251
1865,5,-0.266  0.214
1865,6,-0.250  0.246
1865,7,-0.165  0.225
1865,8,-0.184  0.250
1865,9,-0.212  0.220
1865,10,-0.196  0.250
1865,11,-0.145  0.279
1865,12,-0.446  0.368
1866,1,0.076  0.372
1866,2,-0.320  0.273
1866,3,-0.419  0.268
1866,4,-0.485  0.227
1866,5,-0.332  0.230
1866,6,-0.226  0.217
1866,7,0.140  0.234
1866,8,-0.186  0.235
1866,9,-0.277  0.270
1866,10,-0.217  0.242
1866,11,-0.018  0.248
1866,12,0.132  0.316
1867,1,-0.124  0.329
1867,2,-0.287  0.305
1867,3,-0.248  0.284
1867,4,-0.117  0.236
1867,5,-0.366  0.205
1867,6,-0.168  0.185
1867,7,-0.150  0.231
1867,8,-0.231  0.266
1867,9,-0.116  0.230
1867,10,0.045  0.255
1867,11,0.277  0.284
1867,12,-0.130  0.358
1868,1,-0.470  0.298
1868,2,-0.612  0.253
1868,3,-0.275  0.224
1868,4,-0.100  0.241
1868,5,-0.065  0.209
1868,6,-0.091  0.173
1868,7,0.093  0.189
1868,8,-0.026  0.201
1868,9,-0.228  0.190
1868,10,0.029  0.217
1868,11,-0.297  0.233
1868,12,-0.117  0.311
1869,1,-0.181  0.278
1869,2,-0.035  0.276
1869,3,-0.405  0.217
1869,4,-0.232  0.233
1869,5,-0.143  0.174
1869,6,-0.148  0.260
1869,7,-0.194  0.189
1869,8,-0.153  0.226
1869,9,-0.050  0.178
1869,10,-0.183  0.226
1869,11,-0.165  0.232
1869,12,-0.386  0.216
1870,1,-0.278  0.256
1870,2,-0.451  0.289
1870,3,-0.303  0.258
1870,4,-0.241  0.221
1870,5,-0.169  0.201
1870,6,-0.071  0.187
1870,7,-0.072  0.187
1870,8,-0.273  0.189
1870,9,-0.189  0.184
1870,10,-0.313  0.201
1870,11,-0.319  0.224
1870,12,-0.570  0.218
1871,1,-0.543  0.260
1871,2,-0.572  0.323
1871,3,-0.257  0.209
1871,4,-0.059  0.183
1871,5,-0.274  0.176
1871,6,-0.209  0.164
1871,7,-0.142  0.223
1871,8,-0.182  0.203
1871,9,-0.391  0.204
1871,10,-0.235  0.208
1871,11,-0.538  0.239
1871,12,-0.396  0.241
1872,1,-0.448  0.293
1872,2,-0.394  0.259
1872,3,-0.341  0.198
1872,4,-0.354  0.204
1872,5,-0.179  0.224
1872,6,-0.253  0.161
1872,7,-0.103  0.175
1872,8,-0.032  0.190
1872,9,-0.184  0.170
1872,10,-0.194  0.181
1872,11,-0.424  0.187
1872,12,-0.492  0.233
1873,1,-0.317  0.262
1873,2,-0.076  0.221
1873,3,-0.254  0.198
1873,4,-0.447  0.209
1873,5,-0.255  0.208
1873,6,-0.184  0.168
1873,7,-0.153  0.180
1873,8,-0.134  0.179
1873,9,-0.365  0.186
1873,10,-0.233  0.222
1873,11,-0.347  0.234
1873,12,-0.231  0.205
1874,1,-0.220  0.233
1874,2,-0.255  0.220
1874,3,-0.619  0.188
1874,4,-0.354  0.164
1874,5,-0.205  0.221
1874,6,-0.300  0.148
1874,7,-0.241  0.174
1874,8,-0.164  0.182
1874,9,-0.160  0.186
1874,10,-0.309  0.184
1874,11,-0.429  0.198
1874,12,-0.324  0.213
1875,1,-0.466  0.211
1875,2,-0.351  0.206
1875,3,-0.436  0.198
1875,4,-0.372  0.162
1875,5,-0.272  0.170
1875,6,-0.266  0.182
1875,7,-0.204  0.169
1875,8,-0.245  0.199
1875,9,-0.269  0.182
1875,10,-0.186  0.162
1875,11,-0.580  0.213
1875,12,-0.473  0.216
1876,1,-0.377  0.227
1876,2,-0.263  0.224
1876,3,-0.285  0.168
1876,4,-0.274  0.175
1876,5,-0.516  0.170
1876,6,-0.328  0.148
1876,7,-0.160  0.166
1876,8,-0.300  0.199
1876,9,-0.354  0.222
1876,10,-0.268  0.160
1876,11,-0.498  0.239
1876,12,-0.590  0.171
1877,1,-0.187  0.209
1877,2,-0.073  0.233
1877,3,0.067  0.161
1877,4,-0.118  0.176
1877,5,-0.041  0.187
1877,6,-0.051  0.172
1877,7,0.138  0.167
1877,8,0.232  0.176
1877,9,0.166  0.173
1877,10,0.189  0.176
1877,11,0.200  0.198
1877,12,-0.091  0.178
1878,1,0.001  0.211
1878,2,0.432  0.243
1878,3,0.585  0.175
1878,4,0.314  0.158
1878,5,-0.046  0.173
1878,6,0.116  0.159
1878,7,0.141  0.185
1878,8,0.084  0.188
1878,9,-0.010  0.177
1878,10,-0.046  0.155
1878,11,0.013  0.180
1878,12,-0.124  0.180
1879,1,-0.111  0.188
1879,2,-0.214  0.176
1879,3,-0.067  0.169
1879,4,-0.297  0.165
1879,5,-0.255  0.192
1879,6,-0.191  0.160
1879,7,-0.212  0.162
1879,8,-0.244  0.182
1879,9,-0.309  0.169
1879,10,-0.095  0.167
1879,11,-0.295  0.175
1879,12,-0.490  0.192
1880,1,-0.381  0.226
1880,2,-0.491  0.186
1880,3,-0.269  0.194
1880,4,-0.341  0.164
1880,5,-0.238  0.162
1880,6,-0.308  0.143
1880,7,-0.268  0.167
1880,8,-0.193  0.185
1880,9,-0.384  0.174
1880,10,-0.320  0.168
1880,11,-0.187  0.168
1880,12,-0.222  0.221
1881,1,-0.086  0.208
1881,2,-0.184  0.185
1881,3,-0.066  0.170
1881,4,-0.010  0.167
1881,5,-0.068  0.160
1881,6,-0.346  0.167
1881,7,-0.156  0.162
1881,8,-0.145  0.175
1881,9,-0.302  0.164
1881,10,-0.257  0.144
1881,11,-0.395  0.167
1881,12,-0.215  0.169
1882,1,0.104  0.185
1882,2,0.025  0.162
1882,3,-0.103  0.169
1882,4,-0.285  0.154
1882,5,-0.256  0.153
1882,6,-0.351  0.143
1882,7,-0.358  0.160
1882,8,-0.198  0.173
1882,9,-0.213  0.154
1882,10,-0.366  0.140
1882,11,-0.442  0.199
1882,12,-0.600  0.161
1883,1,-0.398  0.172
1883,2,-0.421  0.191
1883,3,-0.089  0.160
1883,4,-0.325  0.169
1883,5,-0.230  0.165
1883,6,-0.123  0.134
1883,7,-0.269  0.166
1883,8,-0.355  0.167
1883,9,-0.359  0.157
1883,10,-0.255  0.150
1883,11,-0.506  0.161
1883,12,-0.261  0.162
1884,1,-0.229  0.174
1884,2,-0.179  0.156
1884,3,-0.494  0.170
1884,4,-0.542  0.149
1884,5,-0.574  0.152
1884,6,-0.515  0.141
1884,7,-0.548  0.166
1884,8,-0.474  0.166
1884,9,-0.533  0.171
1884,10,-0.469  0.149
1884,11,-0.596  0.153
1884,12,-0.432  0.163
1885,1,-0.662  0.183
1885,2,-0.463  0.168
1885,3,-0.365  0.145
1885,4,-0.516  0.155
1885,5,-0.539  0.164
1885,6,-0.578  0.157
1885,7,-0.357  0.176
1885,8,-0.437  0.178
1885,9,-0.421  0.156
1885,10,-0.302  0.149
1885,11,-0.404  0.146
1885,12,-0.155  0.150
1886,1,-0.627  0.180
1886,2,-0.632  0.180
1886,3,-0.524  0.138
1886,4,-0.401  0.165
1886,5,-0.325  0.149
1886,6,-0.470  0.127
1886,7,-0.284  0.160
1886,8,-0.439  0.169
1886,9,-0.492  0.171
1886,10,-0.455  0.146
1886,11,-0.556  0.149
1886,12,-0.359  0.162
1887,1,-0.935  0.175
1887,2,-0.693  0.147
1887,3,-0.470  0.138
1887,4,-0.382  0.133
1887,5,-0.462  0.145
1887,6,-0.490  0.131
1887,7,-0.350  0.166
1887,8,-0.548  0.173
1887,9,-0.399  0.148
1887,10,-0.420  0.141
1887,11,-0.398  0.147
1887,12,-0.405  0.149
1888,1,-0.330  0.164
1888,2,-0.506  0.141
1888,3,-0.438  0.131
1888,4,-0.367  0.145
1888,5,-0.344  0.163
1888,6,-0.320  0.147
1888,7,-0.247  0.164
1888,8,-0.272  0.167
1888,9,-0.302  0.160
1888,10,-0.082  0.151
1888,11,-0.150  0.161
1888,12,-0.101  0.148
1889,1,-0.112  0.160
1889,2,0.241  0.162
1889,3,0.054  0.129
1889,4,0.067  0.137
1889,5,-0.144  0.146
1889,6,-0.196  0.139
1889,7,-0.160  0.171
1889,8,-0.293  0.174
1889,9,-0.361  0.143
1889,10,-0.293  0.138
1889,11,-0.484  0.135
1889,12,-0.320  0.153
1890,1,-0.438  0.142
1890,2,-0.421  0.130
1890,3,-0.550  0.142
1890,4,-0.409  0.143
1890,5,-0.493  0.152
1890,6,-0.473  0.141
1890,7,-0.435  0.180
1890,8,-0.476  0.169
1890,9,-0.467  0.152
1890,10,-0.284  0.136
1890,11,-0.660  0.139
1890,12,-0.360  0.143
1891,1,-0.472  0.167
1891,2,-0.584  0.158
1891,3,-0.213  0.136
1891,4,-0.354  0.137
1891,5,-0.255  0.154
1891,6,-0.357  0.142
1891,7,-0.335  0.164
1891,8,-0.294  0.167
1891,9,-0.265  0.157
1891,10,-0.328  0.137
1891,11,-0.482  0.146
1891,12,-0.089  0.125
1892,1,-0.265  0.150
1892,2,-0.170  0.138
1892,3,-0.426  0.129
1892,4,-0.475  0.136
1892,5,-0.394  0.161
1892,6,-0.282  0.143
1892,7,-0.461  0.164
1892,8,-0.443  0.168
1892,9,-0.400  0.142
1892,10,-0.258  0.137
1892,11,-0.732  0.140
1892,12,-0.489  0.140
1893,1,-0.891  0.165
1893,2,-0.614  0.164
1893,3,-0.291  0.124
1893,4,-0.350  0.129
1893,5,-0.387  0.167
1893,6,-0.303  0.159
1893,7,-0.167  0.170
1893,8,-0.268  0.169
1893,9,-0.353  0.144
1893,10,-0.218  0.123
1893,11,-0.327  0.125
1893,12,-0.395  0.132
1894,1,-0.539  0.138
1894,2,-0.437  0.143
1894,3,-0.331  0.120
1894,4,-0.517  0.130
1894,5,-0.399  0.150
1894,6,-0.462  0.140
1894,7,-0.275  0.162
1894,8,-0.276  0.167
1894,9,-0.338  0.147
1894,10,-0.217  0.133
1894,11,-0.404  0.129
1894,12,-0.312  0.141
1895,1,-0.459  0.134
1895,2,-0.447  0.131
1895,3,-0.413  0.127
1895,4,-0.277  0.135
1895,5,-0.328  0.147
1895,6,-0.284  0.129
1895,7,-0.220  0.162
1895,8,-0.298  0.167
1895,9,-0.334  0.137
1895,10,-0.223  0.125
1895,11,-0.190  0.133
1895,12,-0.176  0.133
1896,1,-0.216  0.136
1896,2,-0.265  0.127
1896,3,-0.446  0.133
1896,4,-0.488  0.148
1896,5,-0.277  0.146
1896,6,-0.139  0.139
1896,7,-0.101  0.159
1896,8,-0.120  0.170
1896,9,-0.187  0.149
1896,10,-0.028  0.129
1896,11,-0.262  0.125
1896,12,-0.083  0.125
1897,1,-0.158  0.140
1897,2,-0.269  0.131
1897,3,-0.280  0.135
1897,4,-0.055  0.129
1897,5,-0.012  0.145
1897,6,-0.166  0.144
1897,7,-0.190  0.173
1897,8,-0.204  0.169
1897,9,-0.249  0.148
1897,10,-0.195  0.127
1897,11,-0.313  0.142
1897,12,-0.237  0.136
1898,1,-0.157  0.151
1898,2,-0.494  0.130
1898,3,-0.619  0.136
1898,4,-0.399  0.144
1898,5,-0.427  0.144
1898,6,-0.229  0.136
1898,7,-0.349  0.161
1898,8,-0.365  0.164
1898,9,-0.401  0.139
1898,10,-0.474  0.128
1898,11,-0.540  0.121
1898,12,-0.393  0.130
1899,1,-0.206  0.130
1899,2,-0.477  0.129
1899,3,-0.437  0.125
1899,4,-0.222  0.155
1899,5,-0.208  0.151
1899,6,-0.366  0.133
1899,7,-0.272  0.169
1899,8,-0.170  0.172
1899,9,-0.118  0.143
1899,10,-0.079  0.135
1899,11,0.014  0.143
1899,12,-0.269  0.141
1900,1,-0.405  0.151
1900,2,0.001  0.131
1900,3,0.022  0.119
1900,4,-0.112  0.133
1900,5,-0.069  0.149
1900,6,-0.148  0.132
1900,7,-0.184  0.158
1900,8,-0.173  0.167
1900,9,-0.139  0.143
1900,10,0.043  0.125
1900,11,-0.207  0.117
1900,12,-0.119  0.125
1901,1,-0.276  0.122
1901,2,-0.106  0.126
1901,3,-0.013  0.108
1901,4,-0.033  0.129
1901,5,-0.168  0.145
1901,6,-0.230  0.125
1901,7,-0.264  0.161
1901,8,-0.200  0.168
1901,9,-0.285  0.145
1901,10,-0.285  0.135
1901,11,-0.313  0.123
1901,12,-0.243  0.132
1902,1,-0.278  0.125
1902,2,-0.069  0.118
1902,3,-0.381  0.107
1902,4,-0.321  0.127
1902,5,-0.382  0.141
1902,6,-0.351  0.128
1902,7,-0.317  0.158
1902,8,-0.358  0.168
1902,9,-0.378  0.143
1902,10,-0.418  0.126
1902,11,-0.555  0.127
1902,12,-0.502  0.124
1903,1,-0.253  0.118
1903,2,-0.156  0.123
1903,3,-0.295  0.113
1903,4,-0.491  0.134
1903,5,-0.468  0.144
1903,6,-0.554  0.126
1903,7,-0.471  0.160
1903,8,-0.571  0.167
1903,9,-0.624  0.143
1903,10,-0.558  0.118
1903,11,-0.555  0.120
1903,12,-0.518  0.123
1904,1,-0.657  0.123
1904,2,-0.661  0.118
1904,3,-0.497  0.113
1904,4,-0.544  0.124
1904,5,-0.549  0.139
1904,6,-0.520  0.129
1904,7,-0.542  0.169
1904,8,-0.516  0.168
1904,9,-0.617  0.148
1904,10,-0.492  0.126
1904,11,-0.294  0.121
1904,12,-0.328  0.119
1905,1,-0.338  0.117
1905,2,-0.610  0.124
1905,3,-0.308  0.111
1905,4,-0.370  0.128
1905,5,-0.296  0.140
1905,6,-0.333  0.137
1905,7,-0.369  0.160
1905,8,-0.289  0.172
1905,9,-0.342  0.149
1905,10,-0.311  0.127
1905,11,-0.181  0.117
1905,12,-0.268  0.117
1906,1,-0.339  0.132
1906,2,-0.323  0.119
1906,3,-0.120  0.116
1906,4,-0.033  0.127
1906,5,-0.288  0.142
1906,6,-0.255  0.133
1906,7,-0.335  0.167
1906,8,-0.284  0.167
1906,9,-0.341  0.144
1906,10,-0.177  0.131
1906,11,-0.393  0.138
1906,12,-0.152  0.140
1907,1,-0.408  0.116
1907,2,-0.556  0.113
1907,3,-0.277  0.112
1907,4,-0.346  0.123
1907,5,-0.521  0.135
1907,6,-0.483  0.126
1907,7,-0.424  0.165
1907,8,-0.437  0.165
1907,9,-0.415  0.141
1907,10,-0.236  0.125
1907,11,-0.546  0.117
1907,12,-0.457  0.116
1908,1,-0.418  0.109
1908,2,-0.278  0.103
1908,3,-0.593  0.102
1908,4,-0.483  0.116
1908,5,-0.303  0.135
1908,6,-0.338  0.117
1908,7,-0.370  0.156
1908,8,-0.494  0.172
1908,9,-0.376  0.136
1908,10,-0.484  0.118
1908,11,-0.672  0.109
1908,12,-0.567  0.111
1909,1,-0.774  0.104
1909,2,-0.492  0.109
1909,3,-0.568  0.106
1909,4,-0.552  0.115
1909,5,-0.514  0.141
1909,6,-0.491  0.125
1909,7,-0.524  0.158
1909,8,-0.358  0.163
1909,9,-0.487  0.129
1909,10,-0.456  0.126
1909,11,-0.415  0.123
1909,12,-0.491  0.112
1910,1,-0.392  0.101
1910,2,-0.474  0.102
1910,3,-0.535  0.094
1910,4,-0.434  0.114
1910,5,-0.351  0.133
1910,6,-0.421  0.114
1910,7,-0.430  0.152
1910,8,-0.414  0.158
1910,9,-0.441  0.132
1910,10,-0.393  0.110
1910,11,-0.630  0.123
1910,12,-0.738  0.104
1911,1,-0.680  0.104
1911,2,-0.648  0.105
1911,3,-0.612  0.098
1911,4,-0.489  0.115
1911,5,-0.528  0.131
1911,6,-0.500  0.117
1911,7,-0.490  0.154
1911,8,-0.471  0.162
1911,9,-0.495  0.138
1911,10,-0.257  0.113
1911,11,-0.318  0.104
1911,12,-0.272  0.102
1912,1,-0.234  0.106
1912,2,-0.233  0.105
1912,3,-0.434  0.096
1912,4,-0.163  0.114
1912,5,-0.248  0.131
1912,6,-0.226  0.113
1912,7,-0.513  0.163
1912,8,-0.587  0.167
1912,9,-0.667  0.132
1912,10,-0.645  0.115
1912,11,-0.495  0.102
1912,12,-0.502  0.100
1913,1,-0.539  0.095
1913,2,-0.503  0.093
1913,3,-0.446  0.090
1913,4,-0.341  0.114
1913,5,-0.412  0.132
1913,6,-0.483  0.117
1913,7,-0.428  0.153
1913,8,-0.354  0.160
1913,9,-0.420  0.129
1913,10,-0.351  0.117
1913,11,-0.303  0.106
1913,12,-0.001  0.111
1914,1,-0.005  0.104
1914,2,-0.245  0.105
1914,3,-0.327  0.091
1914,4,-0.310  0.112
1914,5,-0.219  0.136
1914,6,-0.238  0.121
1914,7,-0.304  0.155
1914,8,-0.215  0.160
1914,9,-0.274  0.140
1914,10,-0.025  0.114
1914,11,-0.182  0.106
1914,12,-0.034  0.105
1915,1,-0.243  0.107
1915,2,-0.133  0.107
1915,3,-0.023  0.118
1915,4,0.091  0.123
1915,5,0.008  0.135
1915,6,-0.198  0.126
1915,7,-0.210  0.164
1915,8,-0.122  0.169
1915,9,-0.219  0.147
1915,10,-0.294  0.118
1915,11,-0.136  0.112
1915,12,-0.269  0.108
1916,1,-0.204  0.107
1916,2,-0.179  0.102
1916,3,-0.270  0.113
1916,4,-0.330  0.120
1916,5,-0.332  0.134
1916,6,-0.388  0.124
1916,7,-0.364  0.164
1916,8,-0.366  0.171
1916,9,-0.409  0.143
1916,10,-0.398  0.120
1916,11,-0.545  0.120
1916,12,-0.804  0.116
1917,1,-0.681  0.118
1917,2,-0.670  0.112
1917,3,-0.685  0.108
1917,4,-0.521  0.123
1917,5,-0.588  0.139
1917,6,-0.502  0.136
1917,7,-0.303  0.165
1917,8,-0.327  0.176
1917,9,-0.381  0.146
1917,10,-0.513  0.124
1917,11,-0.488  0.116
1917,12,-0.734  0.109
1918,1,-0.550  0.124
1918,2,-0.519  0.106
1918,3,-0.416  0.111
1918,4,-0.511  0.126
1918,5,-0.476  0.138
1918,6,-0.382  0.130
1918,7,-0.368  0.168
1918,8,-0.401  0.174
1918,9,-0.225  0.139
1918,10,-0.037  0.122
1918,11,-0.200  0.119
1918,12,-0.285  0.125
1919,1,-0.201  0.119
1919,2,-0.223  0.123
1919,3,-0.291  0.123
1919,4,-0.102  0.128
1919,5,-0.236  0.139
1919,6,-0.334  0.127
1919,7,-0.330  0.164
1919,8,-0.290  0.175
1919,9,-0.364  0.140
1919,10,-0.286  0.120
1919,11,-0.565  0.116
1919,12,-0.409  0.109
1920,1,-0.178  0.126
1920,2,-0.337  0.122
1920,3,-0.091  0.108
1920,4,-0.176  0.137
1920,5,-0.243  0.142
1920,6,-0.261  0.128
1920,7,-0.267  0.163
1920,8,-0.250  0.171
1920,9,-0.219  0.142
1920,10,-0.149  0.121
1920,11,-0.290  0.114
1920,12,-0.485  0.116
1921,1,-0.124  0.110
1921,2,-0.199  0.109
1921,3,-0.293  0.108
1921,4,-0.281  0.122
1921,5,-0.314  0.137
1921,6,-0.158  0.123
1921,7,-0.156  0.162
1921,8,-0.291  0.170
1921,9,-0.175  0.139
1921,10,-0.047  0.120
1921,11,-0.133  0.114
1921,12,-0.112  0.111
1922,1,-0.279  0.110
1922,2,-0.406  0.104
1922,3,-0.127  0.104
1922,4,-0.119  0.117
1922,5,-0.367  0.137
1922,6,-0.271  0.120
1922,7,-0.228  0.155
1922,8,-0.371  0.166
1922,9,-0.377  0.136
1922,10,-0.351  0.120
1922,11,-0.250  0.112
1922,12,-0.162  0.105
1923,1,-0.291  0.103
1923,2,-0.396  0.101
1923,3,-0.367  0.098
1923,4,-0.284  0.119
1923,5,-0.295  0.134
1923,6,-0.227  0.129
1923,7,-0.380  0.155
1923,8,-0.337  0.163
1923,9,-0.357  0.130
1923,10,-0.038  0.112
1923,11,0.033  0.114
1923,12,0.016  0.109
1924,1,-0.258  0.105
1924,2,-0.240  0.101
1924,3,-0.055  0.101
1924,4,-0.264  0.117
1924,5,-0.160  0.134
1924,6,-0.239  0.124
1924,7,-0.263  0.157
1924,8,-0.321  0.164
1924,9,-0.339  0.142
1924,10,-0.323  0.116
1924,11,-0.215  0.107
1924,12,-0.348  0.109
1925,1,-0.417  0.113
1925,2,-0.458  0.105
1925,3,-0.258  0.100
1925,4,-0.242  0.117
1925,5,-0.174  0.138
1925,6,-0.280  0.122
1925,7,-0.293  0.156
1925,8,-0.167  0.162
1925,9,-0.220  0.135
1925,10,-0.148  0.119
1925,11,-0.021  0.107
1925,12,0.171  0.107
1926,1,0.231  0.102
1926,2,-0.010  0.106
1926,3,0.128  0.098
1926,4,-0.085  0.117
1926,5,-0.204  0.135
1926,6,-0.209  0.123
1926,7,-0.233  0.158
1926,8,-0.124  0.166
1926,9,-0.123  0.133
1926,10,0.015  0.115
1926,11,-0.055  0.112
1926,12,-0.217  0.108
1927,1,-0.239  0.108
1927,2,-0.172  0.099
1927,3,-0.381  0.100
1927,4,-0.253  0.116
1927,5,-0.184  0.135
1927,6,-0.269  0.123
1927,7,-0.213  0.155
1927,8,-0.184  0.162
1927,9,-0.129  0.134
1927,10,0.059  0.112
1927,11,-0.065  0.107
1927,12,-0.253  0.106
1928,1,0.111  0.104
1928,2,-0.022  0.110
1928,3,-0.205  0.102
1928,4,-0.191  0.118
1928,5,-0.298  0.140
1928,6,-0.384  0.123
1928,7,-0.206  0.154
1928,8,-0.239  0.164
1928,9,-0.271  0.134
1928,10,-0.152  0.114
1928,11,-0.141  0.112
1928,12,-0.145  0.104
1929,1,-0.409  0.112
1929,2,-0.527  0.111
1929,3,-0.417  0.101
1929,4,-0.392  0.123
1929,5,-0.435  0.135
1929,6,-0.436  0.125
1929,7,-0.450  0.157
1929,8,-0.298  0.164
1929,9,-0.274  0.143
1929,10,-0.136  0.117
1929,11,-0.147  0.119
1929,12,-0.496  0.118
1930,1,-0.224  0.106
1930,2,-0.281  0.108
1930,3,-0.114  0.109
1930,4,-0.200  0.118
1930,5,-0.219  0.136
1930,6,-0.246  0.133
1930,7,-0.152  0.157
1930,8,-0.128  0.167
1930,9,-0.135  0.135
1930,10,-0.063  0.118
1930,11,0.119  0.120
1930,12,-0.014  0.107
1931,1,-0.103  0.106
1931,2,-0.226  0.099
1931,3,-0.082  0.101
1931,4,-0.166  0.121
1931,5,-0.199  0.131
1931,6,-0.065  0.123
1931,7,-0.019  0.156
1931,8,-0.016  0.163
1931,9,-0.058  0.133
1931,10,0.078  0.113
1931,11,-0.045  0.109
1931,12,-0.004  0.104
1932,1,0.104  0.107
1932,2,-0.180  0.105
1932,3,-0.105  0.101
1932,4,0.038  0.117
1932,5,-0.076  0.136
1932,6,-0.230  0.119
1932,7,-0.183  0.154
1932,8,-0.208  0.161
1932,9,-0.008  0.132
1932,10,-0.044  0.109
1932,11,-0.314  0.109
1932,12,-0.181  0.101
1933,1,-0.253  0.117
1933,2,-0.282  0.100
1933,3,-0.316  0.102
1933,4,-0.280  0.119
1933,5,-0.310  0.134
1933,6,-0.392  0.121
1933,7,-0.289  0.157
1933,8,-0.209  0.163
1933,9,-0.355  0.134
1933,10,-0.234  0.111
1933,11,-0.379  0.106
1933,12,-0.413  0.103
1934,1,-0.260  0.101
1934,2,-0.098  0.098
1934,3,-0.375  0.096
1934,4,-0.337  0.119
1934,5,-0.153  0.133
1934,6,-0.171  0.118
1934,7,-0.155  0.157
1934,8,-0.150  0.165
1934,9,-0.191  0.132
1934,10,-0.042  0.111
1934,11,0.052  0.105
1934,12,-0.037  0.105
1935,1,-0.366  0.102
1935,2,0.069  0.103
1935,3,-0.162  0.101
1935,4,-0.321  0.119
1935,5,-0.341  0.133
1935,6,-0.230  0.120
1935,7,-0.210  0.157
1935,8,-0.224  0.161
1935,9,-0.238  0.132
1935,10,-0.042  0.112
1935,11,-0.395  0.105
1935,12,-0.192  0.111
1936,1,-0.308  0.097
1936,2,-0.343  0.103
1936,3,-0.315  0.095
1936,4,-0.183  0.117
1936,5,-0.173  0.133
1936,6,-0.164  0.116
1936,7,-0.084  0.153
1936,8,-0.121  0.160
1936,9,-0.132  0.130
1936,10,0.040  0.113
1936,11,-0.076  0.106
1936,12,0.031  0.102
1937,1,-0.064  0.098
1937,2,0.065  0.107
1937,3,-0.154  0.095
1937,4,-0.098  0.115
1937,5,-0.046  0.133
1937,6,0.009  0.117
1937,7,0.012  0.154
1937,8,0.038  0.163
1937,9,0.116  0.135
1937,10,0.143  0.111
1937,11,0.073  0.103
1937,12,-0.022  0.108
1938,1,0.076  0.095
1938,2,0.072  0.096
1938,3,0.079  0.097
1938,4,0.058  0.118
1938,5,-0.100  0.133
1938,6,-0.139  0.118
1938,7,-0.078  0.154
1938,8,-0.026  0.160
1938,9,0.041  0.132
1938,10,0.214  0.113
1938,11,0.067  0.105
1938,12,-0.110  0.102
1939,1,-0.035  0.098
1939,2,-0.091  0.097
1939,3,-0.206  0.094
1939,4,-0.011  0.116
1939,5,0.070  0.134
1939,6,0.011  0.118
1939,7,-0.050  0.156
1939,8,-0.042  0.165
1939,9,-0.044  0.141
1939,10,-0.074  0.131
1939,11,-0.064  0.119
1939,12,0.425  0.119
1940,1,0.066  0.105
1940,2,0.106  0.109
1940,3,0.078  0.106
1940,4,0.131  0.128
1940,5,0.038  0.145
1940,6,0.017  0.129
1940,7,0.121  0.163
1940,8,0.059  0.170
1940,9,0.073  0.146
1940,10,0.050  0.129
1940,11,-0.056  0.122
1940,12,0.214  0.117
1941,1,-0.009  0.198
1941,2,0.129  0.201
1941,3,-0.057  0.201
1941,4,-0.020  0.210
1941,5,0.017  0.218
1941,6,0.045  0.206
1941,7,0.114  0.227
1941,8,-0.018  0.234
1941,9,-0.210  0.217
1941,10,0.218  0.207
1941,11,-0.027  0.206
1941,12,0.195  0.205
1942,1,0.344  0.203
1942,2,0.005  0.202
1942,3,0.082  0.201
1942,4,0.013  0.209
1942,5,0.074  0.219
1942,6,0.031  0.206
1942,7,-0.033  0.228
1942,8,-0.078  0.237
1942,9,-0.077  0.219
1942,10,0.018  0.209
1942,11,0.006  0.205
1942,12,0.105  0.204
1943,1,-0.047  0.205
1943,2,0.120  0.203
1943,3,-0.038  0.203
1943,4,0.133  0.211
1943,5,0.084  0.218
1943,6,-0.034  0.208
1943,7,0.080  0.229
1943,8,0.102  0.229
1943,9,0.023  0.211
1943,10,0.308  0.205
1943,11,0.153  0.203
1943,12,0.265  0.204
1944,1,0.383  0.199
1944,2,0.242  0.201
1944,3,0.259  0.202
1944,4,0.173  0.208
1944,5,0.159  0.214
1944,6,0.109  0.209
1944,7,0.178  0.225
1944,8,0.226  0.231
1944,9,0.186  0.212
1944,10,0.282  0.208
1944,11,0.068  0.206
1944,12,0.130  0.206
1945,1,0.101  0.205
1945,2,-0.022  0.205
1945,3,0.085  0.203
1945,4,0.223  0.209
1945,5,0.013  0.219
1945,6,0.003  0.213
1945,7,-0.011  0.231
1945,8,0.227  0.236
1945,9,0.102  0.214
1945,10,0.217  0.201
1945,11,0.002  0.195
1945,12,-0.065  0.199
1946,1,0.051  0.154
1946,2,-0.053  0.146
1946,3,0.030  0.144
1946,4,0.075  0.152
1946,5,-0.062  0.166
1946,6,-0.201  0.153
1946,7,-0.076  0.181
1946,8,-0.167  0.188
1946,9,-0.130  0.166
1946,10,-0.014  0.154
1946,11,-0.076  0.142
1946,12,-0.257  0.138
1947,1,-0.003  0.139
1947,2,0.019  0.135
1947,3,0.128  0.133
1947,4,0.081  0.150
1947,5,-0.054  0.163
1947,6,-0.058  0.152
1947,7,-0.048  0.179
1947,8,-0.115  0.182
1947,9,-0.111  0.162
1947,10,0.119  0.148
1947,11,0.064  0.145
1947,12,-0.064  0.141
1948,1,0.073  0.132
1948,2,-0.168  0.134
1948,3,-0.217  0.137
1948,4,-0.087  0.144
1948,5,0.048  0.155
1948,6,0.028  0.146
1948,7,-0.108  0.167
1948,8,-0.059  0.168
1948,9,-0.155  0.146
1948,10,-0.034  0.138
1948,11,-0.198  0.138
1948,12,-0.300  0.132
1949,1,0.080  0.116
1949,2,-0.200  0.115
1949,3,-0.078  0.114
1949,4,-0.095  0.129
1949,5,-0.082  0.141
1949,6,-0.246  0.130
1949,7,-0.172  0.154
1949,8,-0.106  0.158
1949,9,-0.164  0.134
1949,10,-0.025  0.117
1949,11,-0.136  0.109
1949,12,-0.063  0.107
1950,1,-0.235  0.104
1950,2,-0.344  0.098
1950,3,-0.114  0.096
1950,4,-0.197  0.110
1950,5,-0.069  0.120
1950,6,-0.022  0.112
1950,7,-0.025  0.132
1950,8,-0.168  0.123
1950,9,-0.194  0.115
1950,10,-0.168  0.106
1950,11,-0.341  0.095
1950,12,-0.186  0.092
1951,1,-0.335  0.085
1951,2,-0.406  0.085
1951,3,-0.142  0.091
1951,4,-0.016  0.095
1951,5,0.126  0.109
1951,6,0.104  0.097
1951,7,0.058  0.114
1951,8,0.186  0.131
1951,9,0.097  0.107
1951,10,0.208  0.097
1951,11,0.006  0.086
1951,12,0.195  0.085
1952,1,0.183  0.084
1952,2,0.152  0.090
1952,3,-0.066  0.090
1952,4,0.100  0.112
1952,5,0.069  0.129
1952,6,0.092  0.116
1952,7,0.118  0.147
1952,8,0.118  0.150
1952,9,0.123  0.123
1952,10,0.070  0.104
1952,11,-0.097  0.102
1952,12,0.088  0.097
1953,1,0.089  0.096
1953,2,0.187  0.096
1953,3,0.101  0.096
1953,4,0.319  0.114
1953,5,0.253  0.131
1953,6,0.248  0.118
1953,7,0.129  0.145
1953,8,0.148  0.151
1953,9,0.116  0.122
1953,10,0.114  0.104
1953,11,-0.010  0.098
1953,12,0.133  0.098
1954,1,-0.213  0.093
1954,2,-0.064  0.095
1954,3,-0.088  0.093
1954,4,0.007  0.105
1954,5,-0.023  0.114
1954,6,-0.046  0.104
1954,7,-0.119  0.124
1954,8,-0.075  0.125
1954,9,-0.073  0.107
1954,10,0.097  0.095
1954,11,0.159  0.090
1954,12,-0.067  0.092
1955,1,0.208  0.083
1955,2,-0.136  0.094
1955,3,-0.261  0.083
1955,4,-0.118  0.095
1955,5,-0.171  0.107
1955,6,-0.051  0.096
1955,7,-0.100  0.111
1955,8,0.133  0.113
1955,9,-0.156  0.094
1955,10,0.010  0.085
1955,11,-0.246  0.078
1955,12,-0.238  0.081
1956,1,-0.084  0.075
1956,2,-0.163  0.070
1956,3,-0.222  0.070
1956,4,-0.214  0.078
1956,5,-0.251  0.083
1956,6,-0.159  0.076
1956,7,-0.090  0.082
1956,8,-0.307  0.080
1956,9,-0.211  0.077
1956,10,-0.272  0.070
1956,11,-0.181  0.070
1956,12,0.000  0.067
1957,1,-0.123  0.067
1957,2,-0.050  0.069
1957,3,-0.088  0.069
1957,4,0.047  0.069
1957,5,0.136  0.073
1957,6,0.198  0.071
1957,7,-0.024  0.117
1957,8,0.147  0.075
1957,9,0.080  0.114
1957,10,0.101  0.086
1957,11,0.054  0.086
1957,12,0.143  0.064
1958,1,0.349  0.067
1958,2,0.190  0.084
1958,3,0.118  0.065
1958,4,0.031  0.083
1958,5,0.070  0.070
1958,6,-0.064  0.068
1958,7,-0.014  0.084
1958,8,-0.067  0.073
1958,9,-0.104  0.071
1958,10,0.050  0.066
1958,11,0.049  0.068
1958,12,0.079  0.075
1959,1,0.100  0.066
1959,2,0.036  0.066
1959,3,0.137  0.083
1959,4,0.198  0.065
1959,5,0.101  0.070
1959,6,0.087  0.070
1959,7,0.031  0.080
1959,8,0.003  0.073
1959,9,-0.102  0.075
1959,10,-0.011  0.072
1959,11,-0.138  0.063
1959,12,0.014  0.062
1960,1,-0.014  0.069
1960,2,0.100  0.067
1960,3,-0.333  0.066
1960,4,-0.134  0.067
1960,5,-0.059  0.074
1960,6,-0.011  0.080
1960,7,-0.047  0.065
1960,8,0.092  0.073
1960,9,0.072  0.068
1960,10,0.071  0.065
1960,11,-0.173  0.064
1960,12,0.217  0.054
1961,1,0.050  0.058
1961,2,0.164  0.055
1961,3,0.044  0.051
1961,4,0.162  0.063
1961,5,0.174  0.072
1961,6,0.122  0.071
1961,7,0.016  0.071
1961,8,0.017  0.068
1961,9,0.039  0.068
1961,10,-0.004  0.061
1961,11,0.017  0.050
1961,12,-0.125  0.050
1962,1,0.056  0.053
1962,2,0.116  0.052
1962,3,0.132  0.053
1962,4,0.056  0.050
1962,5,-0.114  0.056
1962,6,0.004  0.072
1962,7,-0.075  0.061
1962,8,-0.066  0.056
1962,9,-0.086  0.091
1962,10,-0.034  0.075
1962,11,0.001  0.050
1962,12,0.002  0.056
1963,1,-0.005  0.051
1963,2,0.117  0.053
1963,3,-0.221  0.053
1963,4,-0.061  0.072
1963,5,-0.093  0.054
1963,6,-0.022  0.056
1963,7,0.065  0.080
1963,8,0.258  0.070
1963,9,0.183  0.092
1963,10,0.142  0.058
1963,11,0.116  0.058
1963,12,0.042  0.049
1964,1,-0.088  0.047
1964,2,-0.131  0.056
1964,3,-0.294  0.053
1964,4,-0.330  0.054
1964,5,-0.286  0.049
1964,6,-0.046  0.058
1964,7,-0.097  0.060
1964,8,-0.282  0.080
1964,9,-0.337  0.050
1964,10,-0.280  0.051
1964,11,-0.254  0.050
1964,12,-0.240  0.047
1965,1,-0.041  0.053
1965,2,-0.177  0.055
1965,3,-0.179  0.051
1965,4,-0.180  0.048
1965,5,-0.069  0.066
1965,6,-0.099  0.084
1965,7,-0.151  0.078
1965,8,-0.057  0.052
1965,9,-0.195  0.066
1965,10,-0.010  0.066
1965,11,-0.066  0.057
1965,12,-0.007  0.045
1966,1,-0.159  0.049
1966,2,-0.044  0.049
1966,3,-0.056  0.057
1966,4,-0.009  0.052
1966,5,-0.093  0.051
1966,6,0.004  0.058
1966,7,0.092  0.063
1966,8,-0.033  0.059
1966,9,0.014  0.053
1966,10,-0.153  0.058
1966,11,-0.030  0.048
1966,12,-0.010  0.051
1967,1,-0.094  0.049
1967,2,-0.234  0.049
1967,3,0.041  0.052
1967,4,0.009  0.049
1967,5,0.216  0.057
1967,6,-0.005  0.047
1967,7,0.024  0.067
1967,8,0.007  0.069
1967,9,-0.031  0.051
1967,10,0.056  0.050
1967,11,-0.101  0.046
1967,12,-0.015  0.039
1968,1,-0.206  0.044
1968,2,-0.158  0.049
1968,3,0.120  0.044
1968,4,-0.043  0.056
1968,5,-0.120  0.049
1968,6,-0.072  0.043
1968,7,-0.185  0.051
1968,8,-0.113  0.047
1968,9,-0.217  0.063
1968,10,0.088  0.063
1968,11,-0.084  0.048
1968,12,-0.057  0.043
1969,1,-0.044  0.046
1969,2,-0.114  0.053
1969,3,-0.031  0.055
1969,4,0.180  0.045
1969,5,0.236  0.043
1969,6,0.117  0.054
1969,7,-0.081  0.056
1969,8,-0.002  0.044
1969,9,0.042  0.060
1969,10,0.082  0.048
1969,11,0.078  0.039
1969,12,0.285  0.042
1970,1,0.138  0.033
1970,2,0.160  0.046
1970,3,0.023  0.051
1970,4,0.074  0.044
1970,5,0.005  0.043
1970,6,-0.043  0.059
1970,7,-0.033  0.043
1970,8,-0.100  0.042
1970,9,0.098  0.049
1970,10,0.005  0.038
1970,11,-0.067  0.037
1970,12,-0.109  0.039
1971,1,-0.059  0.040
1971,2,-0.204  0.048
1971,3,-0.231  0.033
1971,4,-0.068  0.035
1971,5,-0.065  0.047
1971,6,-0.124  0.039
1971,7,-0.105  0.042
1971,8,-0.073  0.055
1971,9,-0.036  0.061
1971,10,-0.050  0.045
1971,11,-0.087  0.036
1971,12,-0.121  0.042
1972,1,-0.263  0.046
1972,2,-0.195  0.038
1972,3,-0.004  0.052
1972,4,0.021  0.035
1972,5,0.056  0.045
1972,6,0.045  0.049
1972,7,-0.028  0.060
1972,8,0.181  0.060
1972,9,0.024  0.057
1972,10,0.019  0.064
1972,11,-0.005  0.038
1972,12,0.235  0.034
1973,1,0.241  0.045
1973,2,0.277  0.041
1973,3,0.191  0.033
1973,4,0.308  0.056
1973,5,0.260  0.039
1973,6,0.172  0.042
1973,7,0.059  0.048
1973,8,0.051  0.066
1973,9,0.039  0.052
1973,10,0.083  0.054
1973,11,0.015  0.039
1973,12,-0.000  0.039
1974,1,-0.162  0.039
1974,2,-0.305  0.050
1974,3,-0.122  0.047
1974,4,-0.061  0.048
1974,5,-0.022  0.042
1974,6,-0.003  0.041
1974,7,-0.048  0.050
1974,8,0.189  0.056
1974,9,-0.037  0.052
1974,10,-0.044  0.044
1974,11,-0.083  0.048
1974,12,-0.076  0.043
1975,1,0.046  0.038
1975,2,0.125  0.046
1975,3,0.146  0.039
1975,4,0.114  0.056
1975,5,0.209  0.048
1975,6,0.040  0.056
1975,7,-0.039  0.054
1975,8,-0.179  0.050
1975,9,-0.033  0.045
1975,10,-0.072  0.047
1975,11,-0.227  0.043
1975,12,-0.111  0.035
1976,1,-0.041  0.039
1976,2,-0.109  0.042
1976,3,-0.234  0.039
1976,4,-0.054  0.050
1976,5,-0.253  0.056
1976,6,-0.175  0.060
1976,7,-0.056  0.105
1976,8,-0.140  0.104
1976,9,-0.023  0.047
1976,10,-0.196  0.052
1976,11,-0.033  0.043
1976,12,0.160  0.037
1977,1,0.308  0.035
1977,2,0.234  0.040
1977,3,0.194  0.040
1977,4,0.317  0.040
1977,5,0.405  0.067
1977,6,0.358  0.042
1977,7,0.229  0.048
1977,8,0.291  0.054
1977,9,0.090  0.042
1977,10,0.115  0.058
1977,11,0.185  0.041
1977,12,0.092  0.055
1978,1,0.133  0.043
1978,2,0.194  0.040
1978,3,0.197  0.034
1978,4,0.228  0.047
1978,5,0.183  0.036
1978,6,0.036  0.040
1978,7,0.095  0.050
1978,8,-0.171  0.048
1978,9,0.124  0.064
1978,10,0.004  0.048
1978,11,0.150  0.045
1978,12,0.136  0.049
1979,1,0.171  0.035
1979,2,-0.068  0.040
1979,3,0.193  0.047
1979,4,0.242  0.036
1979,5,0.089  0.042
1979,6,0.106  0.055
1979,7,0.037  0.038
1979,8,0.174  0.036
1979,9,0.280  0.053
1979,10,0.246  0.046
1979,11,0.260  0.030
1979,12,0.506  0.037
1980,1,0.377  0.038
1980,2,0.467  0.034
1980,3,0.377  0.049
1980,4,0.430  0.060
1980,5,0.388  0.047
1980,6,0.226  0.046
1980,7,0.321  0.041
1980,8,0.281  0.100
1980,9,0.210  0.040
1980,10,0.166  0.036
1980,11,0.263  0.044
1980,12,0.227  0.037
1981,1,0.572  0.036
1981,2,0.418  0.032
1981,3,0.460  0.041
1981,4,0.346  0.035
1981,5,0.276  0.051
1981,6,0.376  0.054
1981,7,0.382  0.054
1981,8,0.431  0.041
1981,9,0.222  0.059
1981,10,0.150  0.039
1981,11,0.197  0.051
1981,12,0.485  0.045
1982,1,0.128  0.043
1982,2,0.159  0.035
1982,3,-0.012  0.039
1982,4,0.113  0.045
1982,5,0.196  0.044
1982,6,0.112  0.050
1982,7,0.145  0.051
1982,8,0.085  0.048
1982,9,0.146  0.051
1982,10,0.132  0.044
1982,11,0.089  0.068
1982,12,0.429  0.057
1983,1,0.484  0.041
1983,2,0.443  0.042
1983,3,0.374  0.035
1983,4,0.347  0.038
1983,5,0.402  0.043
1983,6,0.237  0.049
1983,7,0.172  0.054
1983,8,0.370  0.042
1983,9,0.412  0.053
1983,10,0.163  0.054
1983,11,0.258  0.043
1983,12,0.227  0.045
1984,1,0.284  0.043
1984,2,0.137  0.048
1984,3,0.293  0.032
1984,4,0.179  0.072
1984,5,0.388  0.039
1984,6,0.092  0.073
1984,7,0.056  0.049
1984,8,0.165  0.047
1984,9,0.216  0.044
1984,10,0.107  0.047
1984,11,-0.022  0.044
1984,12,-0.033  0.034
1985,1,0.284  0.039
1985,2,0.044  0.039
1985,3,0.179  0.034
1985,4,0.173  0.048
1985,5,0.206  0.039
1985,6,0.172  0.051
1985,7,-0.005  0.046
1985,8,0.215  0.045
1985,9,0.153  0.059
1985,10,0.126  0.047
1985,11,0.058  0.038
1985,12,0.208  0.036
1986,1,0.234  0.039
1986,2,0.425  0.039
1986,3,0.264  0.037
1986,4,0.327  0.037
1986,5,0.279  0.033
1986,6,0.113  0.050
1986,7,0.110  0.040
1986,8,0.194  0.035
1986,9,0.100  0.045
1986,10,0.152  0.043
1986,11,0.078  0.039
1986,12,0.183  0.036
1987,1,0.343  0.040
1987,2,0.398  0.035
1987,3,0.223  0.035
1987,4,0.303  0.039
1987,5,0.319  0.033
1987,6,0.388  0.037
1987,7,0.448  0.036
1987,8,0.330  0.037
1987,9,0.358  0.050
1987,10,0.317  0.049
1987,11,0.201  0.037
1987,12,0.512  0.040
1988,1,0.553  0.033
1988,2,0.427  0.034
1988,3,0.468  0.038
1988,4,0.509  0.034
1988,5,0.458  0.032
1988,6,0.442  0.039
1988,7,0.331  0.048
1988,8,0.423  0.048
1988,9,0.386  0.043
1988,10,0.322  0.052
1988,11,0.058  0.038
1988,12,0.297  0.036
1989,1,0.074  0.043
1989,2,0.356  0.036
1989,3,0.310  0.034
1989,4,0.343  0.044
1989,5,0.130  0.038
1989,6,0.159  0.042
1989,7,0.329  0.063
1989,8,0.335  0.074
1989,9,0.354  0.039
1989,10,0.338  0.050
1989,11,0.141  0.041
1989,12,0.451  0.035
1990,1,0.423  0.045
1990,2,0.392  0.040
1990,3,0.739  0.041
1990,4,0.648  0.051
1990,5,0.541  0.040
1990,6,0.407  0.041
1990,7,0.462  0.047
1990,8,0.356  0.040
1990,9,0.312  0.078
1990,10,0.462  0.044
1990,11,0.406  0.081
1990,12,0.435  0.038
1991,1,0.438  0.039
1991,2,0.522  0.042
1991,3,0.379  0.034
1991,4,0.595  0.037
1991,5,0.441  0.041
1991,6,0.547  0.035
1991,7,0.518  0.048
1991,8,0.454  0.040
1991,9,0.451  0.052
1991,10,0.343  0.048
1991,11,0.292  0.039
1991,12,0.384  0.039
1992,1,0.494  0.037
1992,2,0.443  0.038
1992,3,0.466  0.043
1992,4,0.338  0.055
1992,5,0.334  0.054
1992,6,0.279  0.059
1992,7,0.126  0.045
1992,8,0.111  0.054
1992,9,-0.029  0.065
1992,10,0.050  0.051
1992,11,0.012  0.046
1992,12,0.263  0.043
1993,1,0.408  0.042
1993,2,0.426  0.036
1993,3,0.384  0.033
1993,4,0.368  0.037
1993,5,0.354  0.044
1993,6,0.304  0.042
1993,7,0.276  0.048
1993,8,0.208  0.044
1993,9,0.198  0.045
1993,10,0.288  0.042
1993,11,0.119  0.049
1993,12,0.240  0.040
1994,1,0.301  0.036
1994,2,0.106  0.046
1994,3,0.366  0.038
1994,4,0.447  0.038
1994,5,0.356  0.042
1994,6,0.446  0.041
1994,7,0.284  0.044
1994,8,0.242  0.046
1994,9,0.341  0.045
1994,10,0.447  0.049
1994,11,0.419  0.043
1994,12,0.387  0.038
1995,1,0.525  0.044
1995,2,0.772  0.037
1995,3,0.483  0.035
1995,4,0.585  0.035
1995,5,0.384  0.036
1995,6,0.517  0.046
1995,7,0.539  0.042
1995,8,0.541  0.044
1995,9,0.408  0.053
1995,10,0.513  0.042
1995,11,0.458  0.041
1995,12,0.337  0.044
1996,1,0.329  0.039
1996,2,0.583  0.041
1996,3,0.450  0.044
1996,4,0.458  0.032
1996,5,0.330  0.039
1996,6,0.277  0.041
1996,7,0.368  0.047
1996,8,0.528  0.040
1996,9,0.291  0.043
1996,10,0.208  0.041
1996,11,0.421  0.037
1996,12,0.474  0.042
1997,1,0.364  0.041
1997,2,0.420  0.043
1997,3,0.556  0.036
1997,4,0.498  0.041
1997,5,0.442  0.038
1997,6,0.617  0.042
1997,7,0.404  0.045
1997,8,0.457  0.044
1997,9,0.573  0.044
1997,10,0.697  0.037
1997,11,0.699  0.042
1997,12,0.656  0.040
1998,1,0.650  0.038
1998,2,0.881  0.041
1998,3,0.683  0.037
1998,4,0.814  0.039
1998,5,0.769  0.034
1998,6,0.791  0.045
1998,7,0.728  0.048
1998,8,0.760  0.036
1998,9,0.505  0.045
1998,10,0.487  0.060
1998,11,0.479  0.041
1998,12,0.654  0.042
1999,1,0.502  0.038
1999,2,0.689  0.041
1999,3,0.384  0.040
1999,4,0.421  0.038
1999,5,0.352  0.040
1999,6,0.436  0.050
1999,7,0.398  0.049
1999,8,0.372  0.041
1999,9,0.470  0.043
1999,10,0.395  0.041
1999,11,0.386  0.040
1999,12,0.481  0.046
2000,1,0.330  0.037
2000,2,0.592  0.039
2000,3,0.570  0.038
2000,4,0.641  0.040
2000,5,0.414  0.037
2000,6,0.445  0.037
2000,7,0.386  0.043
2000,8,0.483  0.041
2000,9,0.466  0.045
2000,10,0.274  0.043
2000,11,0.333  0.045
2000,12,0.348  0.038
2001,1,0.509  0.038
2001,2,0.497  0.041
2001,3,0.609  0.035
2001,4,0.616  0.034
2001,5,0.606  0.034
2001,6,0.563  0.039
2001,7,0.576  0.046
2001,8,0.491  0.042
2001,9,0.556  0.045
2001,10,0.505  0.040
2001,11,0.707  0.049
2001,12,0.671  0.041
2002,1,0.768  0.038
2002,2,0.728  0.042
2002,3,0.940  0.037
2002,4,0.689  0.033
2002,5,0.698  0.036
2002,6,0.576  0.042
2002,7,0.598  0.039
2002,8,0.576  0.042
2002,9,0.681  0.037
2002,10,0.617  0.040
2002,11,0.579  0.048
2002,12,0.571  0.042
2003,1,0.802  0.038
2003,2,0.613  0.033
2003,3,0.596  0.037
2003,4,0.640  0.034
2003,5,0.671  0.035
2003,6,0.495  0.035
2003,7,0.562  0.052
2003,8,0.666  0.038
2003,9,0.692  0.036
2003,10,0.743  0.042
2003,11,0.533  0.037
2003,12,0.789  0.034
2004,1,0.643  0.039
2004,2,0.730  0.042
2004,3,0.638  0.033
2004,4,0.700  0.036
2004,5,0.438  0.033
2004,6,0.445  0.041
2004,7,0.261  0.037
2004,8,0.478  0.041
2004,9,0.555  0.050
2004,10,0.633  0.034
2004,11,0.696  0.047
2004,12,0.548  0.039
2005,1,0.785  0.036
2005,2,0.681  0.040
2005,3,0.789  0.036
2005,4,0.772  0.035
2005,5,0.705  0.033
2005,6,0.700  0.037
2005,7,0.618  0.034
2005,8,0.650  0.033
2005,9,0.741  0.050
2005,10,0.814  0.045
2005,11,0.720  0.058
2005,12,0.770  0.042
2006,1,0.640  0.041
2006,2,0.826  0.039
2006,3,0.707  0.038
2006,4,0.618  0.035
2006,5,0.559  0.045
2006,6,0.679  0.038
2006,7,0.483  0.035
2006,8,0.751  0.050
2006,9,0.648  0.035
2006,10,0.705  0.041
2006,11,0.705  0.046
2006,12,0.838  0.042
2007,1,0.985  0.040
2007,2,0.768  0.038
2007,3,0.703  0.037
2007,4,0.879  0.046
2007,5,0.718  0.032
2007,6,0.618  0.040
2007,7,0.645  0.041
2007,8,0.645  0.034
2007,9,0.613  0.039
2007,10,0.637  0.046
2007,11,0.591  0.040
2007,12,0.514  0.044
2008,1,0.304  0.048
2008,2,0.363  0.036
2008,3,0.689  0.044
2008,4,0.604  0.039
2008,5,0.573  0.034
2008,6,0.518  0.036
2008,7,0.584  0.037
2008,8,0.495  0.031
2008,9,0.684  0.039
2008,10,0.711  0.040
2008,11,0.664  0.043
2008,12,0.591  0.036
2009,1,0.706  0.043
2009,2,0.589  0.045
2009,3,0.524  0.048
2009,4,0.659  0.050
2009,5,0.670  0.038
2009,6,0.702  0.043
2009,7,0.795  0.037
2009,8,0.751  0.031
2009,9,0.749  0.032
2009,10,0.722  0.042
2009,11,0.782  0.044
2009,12,0.780  0.056
2010,1,0.820  0.042
2010,2,0.907  0.040
2010,3,0.931  0.046
2010,4,0.990  0.046
2010,5,0.816  0.032
2010,6,0.697  0.037
2010,7,0.619  0.044
2010,8,0.706  0.038
2010,9,0.686  0.041
2010,10,0.746  0.037
2010,11,0.772  0.045
2010,12,0.565  0.045
2011,1,0.602  0.043
2011,2,0.569  0.039
2011,3,0.701  0.038
2011,4,0.722  0.034
2011,5,0.590  0.038
2011,6,0.680  0.051
2011,7,0.790  0.038
2011,8,0.821  0.039
2011,9,0.603  0.041
2011,10,0.664  0.042
2011,11,0.564  0.053
2011,12,0.635  0.042
2012,1,0.470  0.045
2012,2,0.524  0.037
2012,3,0.522  0.038
2012,4,0.776  0.041
2012,5,0.821  0.035
2012,6,0.702  0.043
2012,7,0.572  0.049
2012,8,0.745  0.041
2012,9,0.777  0.049
2012,10,0.852  0.053
2012,11,0.804  0.047
2012,12,0.602  0.048
2013,1,0.729  0.042
2013,2,0.604  0.046
2013,3,0.684  0.053
2013,4,0.643  0.059
2013,5,0.682  0.050
2013,6,0.701  0.035
2013,7,0.594  0.038
2013,8,0.733  0.035
2013,9,0.795  0.038
2013,10,0.702  0.037
2013,11,0.835  0.049
2013,12,0.730  0.046
2014,1,0.779  0.039
2014,2,0.574  0.048
2014,3,0.785  0.057
2014,4,0.864  0.057
2014,5,0.904  0.048
2014,6,0.686  0.045
2014,7,0.587  0.050
2014,8,0.899  0.045
2014,9,0.935  0.040
2014,10,0.851  0.040
2014,11,0.628  0.047
2014,12,0.807  0.039
2015,1,0.850  0.047
2015,2,0.887  0.038
2015,3,0.911  0.040
2015,4,0.865  0.058
2015,5,0.867  0.040
2015,6,0.832  0.031
2015,7,0.747  0.039
2015,8,0.880  0.038
2015,9,0.897  0.036
2015,10,1.086  0.037
2015,11,1.015  0.037
2015,12,1.179  0.036
2016,1,1.230  0.057
2016,2,1.318  0.039
2016,3,1.328  0.041
2016,4,1.185  0.038
2016,5,1.056  0.034
2016,6,0.842  0.050
2016,7,0.851  0.050
2016,8,1.051  0.036
2016,9,0.929  0.030
2016,10,0.955  0.050
2016,11,0.958  0.051
2016,12,0.967  0.038
2017,1,1.069  0.055
2017,2,1.164  0.043
2017,3,1.222  0.049
2017,4,1.051  0.046
2017,5,0.998  0.040
2017,6,0.738  0.035
2017,7,0.822  0.036
2017,8,0.913  0.039
2017,9,0.789  0.045
2017,10,0.918  0.070
2017,11,0.851  0.039
2017,12,0.985  0.035
2018,1,0.860  0.044
2018,2,0.908  0.046
2018,3,0.930  0.042
2018,4,1.000  0.051
2018,5,0.861  0.045
2018,6,0.817  0.039
2018,7,0.825  0.043
2018,8,0.840  0.056
2018,9,0.817  0.033
2018,10,1.005  0.059
2018,11,0.818  0.041
2018,12,0.965  0.035
2019,1,0.939  0.038
2019,2,0.974  0.042
2019,3,1.218  0.047
2019,4,1.123  0.053
2019,5,0.937  0.050
2019,6,0.897  0.050
2019,7,0.969  0.057
2019,8,1.015  0.048
2019,9,0.951  0.040
2019,10,1.105  0.057
2019,11,1.002  0.048
2019,12,1.148  0.050
2020,1,1.184  0.048
2020,2,1.210  0.042
2020,3,1.171  0.052
2020,4,1.241  0.059
2020,5,1.055  0.044
2020,6,0.930  0.041
2020,7,0.949  0.061
2020,8,0.965  0.036
2020,9,1.017  0.046
2020,10,0.926  0.048
2020,11,1.064  0.054
2020,12,0.855  0.052
2021,1,0.883  0.054
Globa,Avera,Temperature A
,,
,,Monthly
"Year,","Month,","Anomaly, Unc.,"
1850,1,-0.691  0.351
1850,2,-0.177  0.373
1850,3,-0.380  0.322
1850,4,-0.534  0.304
1850,5,-0.561  0.305
1850,6,-0.328  0.286
1850,7,-0.181  0.247
1850,8,-0.164  0.264
1850,9,-0.373  0.242
1850,10,-0.528  0.268
1850,11,-0.472  0.399
1850,12,-0.436  0.277
1851,1,-0.179  0.334
1851,2,-0.356  0.278
1851,3,-0.544  0.294
1851,4,-0.570  0.328
1851,5,-0.323  0.321
1851,6,-0.247  0.256
1851,7,-0.223  0.193
1851,8,-0.278  0.215
1851,9,-0.345  0.242
1851,10,-0.142  0.295
1851,11,-0.300  0.266
1851,12,-0.127  0.278
1852,1,-0.221  0.406
1852,2,-0.460  0.418
1852,3,-0.722  0.312
1852,4,-0.477  0.253
1852,5,-0.158  0.307
1852,6,-0.082  0.271
1852,7,-0.022  0.203
1852,8,-0.280  0.216
1852,9,-0.255  0.224
1852,10,-0.147  0.188
1852,11,-0.442  0.236
1852,12,0.073  0.291
1853,1,-0.306  0.359
1853,2,-0.312  0.457
1853,3,-0.353  0.270
1853,4,-0.227  0.284
1853,5,-0.249  0.264
1853,6,-0.159  0.248
1853,7,0.023  0.178
1853,8,-0.048  0.210
1853,9,-0.355  0.195
1853,10,-0.432  0.210
1853,11,-0.561  0.225
1853,12,-0.319  0.217
1854,1,-0.503  0.341
1854,2,-0.498  0.297
1854,3,-0.266  0.248
1854,4,-0.347  0.226
1854,5,-0.265  0.263
1854,6,-0.435  0.233
1854,7,-0.183  0.231
1854,8,-0.187  0.197
1854,9,-0.202  0.205
1854,10,0.078  0.302
1854,11,-0.210  0.273
1854,12,-0.199  0.422
1855,1,-0.045  0.442
1855,2,-0.078  0.385
1855,3,-0.241  0.268
1855,4,-0.059  0.235
1855,5,-0.216  0.255
1855,6,-0.298  0.177
1855,7,-0.322  0.184
1855,8,-0.216  0.182
1855,9,-0.399  0.165
1855,10,-0.272  0.196
1855,11,-0.327  0.217
1855,12,-0.497  0.300
1856,1,-0.005  0.302
1856,2,-0.361  0.387
1856,3,-0.414  0.260
1856,4,-0.377  0.201
1856,5,-0.312  0.221
1856,6,-0.143  0.269
1856,7,-0.273  0.234
1856,8,-0.461  0.215
1856,9,-0.622  0.186
1856,10,-0.612  0.179
1856,11,-0.534  0.211
1856,12,-0.430  0.244
1857,1,-0.497  0.330
1857,2,-0.493  0.274
1857,3,-0.620  0.260
1857,4,-0.733  0.213
1857,5,-0.675  0.201
1857,6,-0.506  0.172
1857,7,-0.447  0.187
1857,8,-0.410  0.193
1857,9,-0.417  0.203
1857,10,-0.482  0.211
1857,11,-0.457  0.213
1857,12,-0.236  0.227
1858,1,-0.211  0.369
1858,2,-0.446  0.241
1858,3,-0.331  0.209
1858,4,-0.262  0.171
1858,5,-0.389  0.160
1858,6,-0.251  0.162
1858,7,-0.284  0.157
1858,8,-0.272  0.170
1858,9,-0.394  0.151
1858,10,-0.248  0.159
1858,11,-0.167  0.208
1858,12,-0.466  0.222
1859,1,-0.315  0.260
1859,2,-0.242  0.252
1859,3,-0.228  0.195
1859,4,0.021  0.165
1859,5,-0.009  0.213
1859,6,-0.104  0.169
1859,7,-0.270  0.157
1859,8,-0.321  0.146
1859,9,-0.459  0.182
1859,10,-0.225  0.193
1859,11,-0.166  0.187
1859,12,-0.114  0.333
1860,1,-0.294  0.317
1860,2,-0.278  0.301
1860,3,-0.637  0.309
1860,4,-0.233  0.182
1860,5,-0.209  0.211
1860,6,-0.202  0.180
1860,7,-0.260  0.194
1860,8,-0.217  0.221
1860,9,-0.270  0.209
1860,10,-0.316  0.215
1860,11,-0.474  0.194
1860,12,-0.797  0.313
1861,1,-0.929  0.345
1861,2,-0.608  0.318
1861,3,-0.546  0.260
1861,4,-0.343  0.219
1861,5,-0.401  0.228
1861,6,-0.350  0.193
1861,7,-0.307  0.172
1861,8,-0.205  0.190
1861,9,-0.360  0.198
1861,10,-0.419  0.160
1861,11,-0.170  0.194
1861,12,-0.340  0.286
1862,1,-0.828  0.500
1862,2,-0.708  0.309
1862,3,-0.517  0.286
1862,4,-0.467  0.298
1862,5,-0.268  0.200
1862,6,-0.294  0.212
1862,7,-0.330  0.188
1862,8,-0.461  0.182
1862,9,-0.487  0.192
1862,10,-0.408  0.185
1862,11,-0.483  0.332
1862,12,-0.789  0.261
1863,1,-0.129  0.265
1863,2,-0.117  0.297
1863,3,-0.319  0.244
1863,4,-0.232  0.191
1863,5,-0.224  0.198
1863,6,-0.332  0.201
1863,7,-0.333  0.201
1863,8,-0.341  0.214
1863,9,-0.438  0.229
1863,10,-0.428  0.209
1863,11,-0.315  0.236
1863,12,-0.357  0.298
1864,1,-0.526  0.331
1864,2,-0.371  0.400
1864,3,-0.384  0.266
1864,4,-0.340  0.235
1864,5,-0.139  0.222
1864,6,-0.099  0.206
1864,7,-0.181  0.192
1864,8,-0.319  0.205
1864,9,-0.452  0.212
1864,10,-0.333  0.183
1864,11,-0.311  0.239
1864,12,-0.410  0.256
1865,1,0.091  0.280
1865,2,-0.241  0.288
1865,3,-0.395  0.297
1865,4,-0.315  0.223
1865,5,-0.255  0.190
1865,6,-0.234  0.214
1865,7,-0.171  0.196
1865,8,-0.182  0.213
1865,9,-0.202  0.193
1865,10,-0.222  0.216
1865,11,-0.162  0.231
1865,12,-0.448  0.318
1866,1,0.067  0.309
1866,2,-0.252  0.242
1866,3,-0.421  0.237
1866,4,-0.474  0.196
1866,5,-0.332  0.197
1866,6,-0.200  0.189
1866,7,0.116  0.200
1866,8,-0.188  0.201
1866,9,-0.270  0.229
1866,10,-0.207  0.202
1866,11,0.000  0.203
1866,12,0.114  0.270
1867,1,-0.135  0.282
1867,2,-0.242  0.274
1867,3,-0.256  0.254
1867,4,-0.090  0.202
1867,5,-0.344  0.179
1867,6,-0.180  0.164
1867,7,-0.169  0.197
1867,8,-0.242  0.227
1867,9,-0.123  0.198
1867,10,0.017  0.215
1867,11,0.224  0.235
1867,12,-0.159  0.303
1868,1,-0.460  0.245
1868,2,-0.505  0.215
1868,3,-0.269  0.200
1868,4,-0.092  0.201
1868,5,-0.084  0.180
1868,6,-0.099  0.148
1868,7,0.070  0.154
1868,8,-0.042  0.161
1868,9,-0.206  0.156
1868,10,0.013  0.172
1868,11,-0.234  0.185
1868,12,-0.108  0.259
1869,1,-0.170  0.232
1869,2,-0.008  0.267
1869,3,-0.419  0.199
1869,4,-0.217  0.199
1869,5,-0.176  0.147
1869,6,-0.193  0.221
1869,7,-0.223  0.153
1869,8,-0.169  0.178
1869,9,-0.079  0.139
1869,10,-0.202  0.185
1869,11,-0.147  0.188
1869,12,-0.373  0.187
1870,1,-0.265  0.212
1870,2,-0.395  0.248
1870,3,-0.298  0.239
1870,4,-0.207  0.207
1870,5,-0.171  0.173
1870,6,-0.112  0.156
1870,7,-0.095  0.149
1870,8,-0.267  0.144
1870,9,-0.195  0.141
1870,10,-0.315  0.153
1870,11,-0.291  0.185
1870,12,-0.554  0.184
1871,1,-0.492  0.223
1871,2,-0.493  0.307
1871,3,-0.228  0.192
1871,4,-0.056  0.153
1871,5,-0.274  0.144
1871,6,-0.211  0.132
1871,7,-0.153  0.176
1871,8,-0.188  0.156
1871,9,-0.372  0.162
1871,10,-0.249  0.161
1871,11,-0.478  0.191
1871,12,-0.382  0.196
1872,1,-0.447  0.247
1872,2,-0.396  0.232
1872,3,-0.362  0.178
1872,4,-0.331  0.166
1872,5,-0.182  0.188
1872,6,-0.244  0.131
1872,7,-0.112  0.131
1872,8,-0.036  0.140
1872,9,-0.168  0.130
1872,10,-0.199  0.139
1872,11,-0.361  0.145
1872,12,-0.435  0.197
1873,1,-0.268  0.224
1873,2,-0.069  0.199
1873,3,-0.252  0.185
1873,4,-0.376  0.174
1873,5,-0.256  0.171
1873,6,-0.188  0.136
1873,7,-0.153  0.140
1873,8,-0.132  0.133
1873,9,-0.336  0.145
1873,10,-0.248  0.177
1873,11,-0.323  0.192
1873,12,-0.228  0.169
1874,1,-0.205  0.192
1874,2,-0.280  0.197
1874,3,-0.646  0.186
1874,4,-0.359  0.134
1874,5,-0.257  0.178
1874,6,-0.308  0.119
1874,7,-0.257  0.134
1874,8,-0.175  0.139
1874,9,-0.174  0.142
1874,10,-0.321  0.141
1874,11,-0.407  0.155
1874,12,-0.344  0.187
1875,1,-0.459  0.181
1875,2,-0.342  0.183
1875,3,-0.420  0.175
1875,4,-0.327  0.130
1875,5,-0.248  0.136
1875,6,-0.255  0.144
1875,7,-0.203  0.124
1875,8,-0.219  0.151
1875,9,-0.227  0.142
1875,10,-0.172  0.122
1875,11,-0.505  0.173
1875,12,-0.439  0.179
1876,1,-0.369  0.191
1876,2,-0.245  0.198
1876,3,-0.293  0.143
1876,4,-0.253  0.147
1876,5,-0.489  0.137
1876,6,-0.317  0.119
1876,7,-0.164  0.122
1876,8,-0.275  0.153
1876,9,-0.343  0.181
1876,10,-0.273  0.127
1876,11,-0.434  0.196
1876,12,-0.539  0.142
1877,1,-0.181  0.180
1877,2,-0.032  0.229
1877,3,0.049  0.144
1877,4,-0.095  0.145
1877,5,-0.075  0.156
1877,6,-0.056  0.142
1877,7,0.124  0.123
1877,8,0.212  0.130
1877,9,0.160  0.134
1877,10,0.162  0.135
1877,11,0.210  0.157
1877,12,-0.068  0.146
1878,1,0.008  0.190
1878,2,0.424  0.244
1878,3,0.510  0.160
1878,4,0.289  0.133
1878,5,-0.047  0.141
1878,6,0.076  0.129
1878,7,0.094  0.148
1878,8,0.054  0.143
1878,9,-0.035  0.138
1878,10,-0.069  0.117
1878,11,-0.007  0.139
1878,12,-0.179  0.149
1879,1,-0.161  0.152
1879,2,-0.154  0.154
1879,3,-0.097  0.146
1879,4,-0.254  0.133
1879,5,-0.259  0.156
1879,6,-0.192  0.132
1879,7,-0.207  0.120
1879,8,-0.231  0.136
1879,9,-0.280  0.127
1879,10,-0.125  0.124
1879,11,-0.251  0.129
1879,12,-0.429  0.158
1880,1,-0.358  0.186
1880,2,-0.404  0.161
1880,3,-0.247  0.174
1880,4,-0.304  0.133
1880,5,-0.251  0.132
1880,6,-0.320  0.115
1880,7,-0.266  0.124
1880,8,-0.187  0.141
1880,9,-0.352  0.136
1880,10,-0.317  0.126
1880,11,-0.175  0.123
1880,12,-0.217  0.180
1881,1,-0.100  0.159
1881,2,-0.150  0.153
1881,3,-0.065  0.136
1881,4,-0.012  0.131
1881,5,-0.094  0.128
1881,6,-0.336  0.140
1881,7,-0.172  0.121
1881,8,-0.160  0.132
1881,9,-0.297  0.124
1881,10,-0.273  0.104
1881,11,-0.340  0.131
1881,12,-0.206  0.148
1882,1,0.117  0.149
1882,2,0.039  0.144
1882,3,-0.107  0.146
1882,4,-0.252  0.125
1882,5,-0.259  0.122
1882,6,-0.342  0.115
1882,7,-0.344  0.117
1882,8,-0.196  0.131
1882,9,-0.192  0.118
1882,10,-0.332  0.106
1882,11,-0.369  0.170
1882,12,-0.530  0.135
1883,1,-0.381  0.143
1883,2,-0.399  0.176
1883,3,-0.164  0.156
1883,4,-0.315  0.156
1883,5,-0.248  0.136
1883,6,-0.142  0.108
1883,7,-0.266  0.123
1883,8,-0.332  0.122
1883,9,-0.334  0.120
1883,10,-0.268  0.114
1883,11,-0.437  0.122
1883,12,-0.239  0.135
1884,1,-0.197  0.141
1884,2,-0.154  0.133
1884,3,-0.476  0.151
1884,4,-0.477  0.122
1884,5,-0.517  0.122
1884,6,-0.486  0.113
1884,7,-0.518  0.123
1884,8,-0.442  0.122
1884,9,-0.478  0.129
1884,10,-0.440  0.115
1884,11,-0.552  0.119
1884,12,-0.419  0.138
1885,1,-0.612  0.152
1885,2,-0.424  0.155
1885,3,-0.388  0.125
1885,4,-0.493  0.132
1885,5,-0.519  0.131
1885,6,-0.545  0.129
1885,7,-0.354  0.133
1885,8,-0.420  0.131
1885,9,-0.391  0.118
1885,10,-0.301  0.117
1885,11,-0.342  0.110
1885,12,-0.141  0.124
1886,1,-0.521  0.172
1886,2,-0.576  0.160
1886,3,-0.503  0.131
1886,4,-0.371  0.149
1886,5,-0.314  0.127
1886,6,-0.460  0.099
1886,7,-0.319  0.119
1886,8,-0.428  0.123
1886,9,-0.470  0.130
1886,10,-0.439  0.117
1886,11,-0.516  0.114
1886,12,-0.364  0.137
1887,1,-0.865  0.143
1887,2,-0.635  0.125
1887,3,-0.452  0.128
1887,4,-0.338  0.116
1887,5,-0.434  0.117
1887,6,-0.479  0.106
1887,7,-0.341  0.126
1887,8,-0.506  0.127
1887,9,-0.391  0.110
1887,10,-0.404  0.106
1887,11,-0.331  0.119
1887,12,-0.337  0.133
1888,1,-0.338  0.149
1888,2,-0.448  0.125
1888,3,-0.428  0.122
1888,4,-0.303  0.127
1888,5,-0.328  0.140
1888,6,-0.317  0.127
1888,7,-0.271  0.121
1888,8,-0.281  0.121
1888,9,-0.291  0.122
1888,10,-0.103  0.114
1888,11,-0.130  0.126
1888,12,-0.086  0.125
1889,1,-0.101  0.129
1889,2,0.217  0.138
1889,3,0.029  0.111
1889,4,0.040  0.113
1889,5,-0.165  0.118
1889,6,-0.219  0.116
1889,7,-0.169  0.130
1889,8,-0.278  0.132
1889,9,-0.351  0.107
1889,10,-0.300  0.107
1889,11,-0.394  0.108
1889,12,-0.292  0.134
1890,1,-0.416  0.131
1890,2,-0.391  0.121
1890,3,-0.525  0.130
1890,4,-0.374  0.132
1890,5,-0.473  0.126
1890,6,-0.454  0.125
1890,7,-0.413  0.138
1890,8,-0.438  0.126
1890,9,-0.439  0.116
1890,10,-0.318  0.105
1890,11,-0.578  0.113
1890,12,-0.368  0.122
1891,1,-0.458  0.139
1891,2,-0.489  0.131
1891,3,-0.237  0.114
1891,4,-0.309  0.114
1891,5,-0.248  0.127
1891,6,-0.342  0.119
1891,7,-0.306  0.128
1891,8,-0.293  0.126
1891,9,-0.248  0.121
1891,10,-0.317  0.106
1891,11,-0.425  0.118
1891,12,-0.092  0.107
1892,1,-0.242  0.122
1892,2,-0.147  0.117
1892,3,-0.433  0.105
1892,4,-0.430  0.110
1892,5,-0.384  0.140
1892,6,-0.306  0.118
1892,7,-0.443  0.124
1892,8,-0.421  0.125
1892,9,-0.378  0.108
1892,10,-0.294  0.110
1892,11,-0.654  0.134
1892,12,-0.527  0.133
1893,1,-0.819  0.146
1893,2,-0.573  0.147
1893,3,-0.319  0.112
1893,4,-0.364  0.114
1893,5,-0.407  0.142
1893,6,-0.307  0.132
1893,7,-0.183  0.127
1893,8,-0.263  0.126
1893,9,-0.343  0.109
1893,10,-0.235  0.099
1893,11,-0.313  0.106
1893,12,-0.368  0.115
1894,1,-0.493  0.128
1894,2,-0.351  0.131
1894,3,-0.349  0.123
1894,4,-0.493  0.120
1894,5,-0.423  0.125
1894,6,-0.464  0.120
1894,7,-0.291  0.124
1894,8,-0.271  0.128
1894,9,-0.310  0.114
1894,10,-0.227  0.109
1894,11,-0.348  0.117
1894,12,-0.326  0.126
1895,1,-0.451  0.120
1895,2,-0.427  0.119
1895,3,-0.411  0.113
1895,4,-0.254  0.127
1895,5,-0.335  0.122
1895,6,-0.288  0.108
1895,7,-0.234  0.125
1895,8,-0.294  0.124
1895,9,-0.323  0.104
1895,10,-0.218  0.098
1895,11,-0.159  0.110
1895,12,-0.171  0.117
1896,1,-0.164  0.119
1896,2,-0.186  0.124
1896,3,-0.398  0.126
1896,4,-0.393  0.135
1896,5,-0.261  0.124
1896,6,-0.159  0.117
1896,7,-0.125  0.121
1896,8,-0.125  0.128
1896,9,-0.203  0.116
1896,10,-0.078  0.103
1896,11,-0.235  0.107
1896,12,-0.081  0.116
1897,1,-0.169  0.119
1897,2,-0.192  0.120
1897,3,-0.273  0.120
1897,4,-0.056  0.117
1897,5,-0.070  0.122
1897,6,-0.197  0.135
1897,7,-0.209  0.134
1897,8,-0.215  0.128
1897,9,-0.256  0.116
1897,10,-0.208  0.101
1897,11,-0.308  0.124
1897,12,-0.319  0.120
1898,1,-0.139  0.140
1898,2,-0.427  0.123
1898,3,-0.665  0.134
1898,4,-0.403  0.131
1898,5,-0.418  0.121
1898,6,-0.254  0.115
1898,7,-0.352  0.122
1898,8,-0.372  0.123
1898,9,-0.417  0.110
1898,10,-0.479  0.105
1898,11,-0.476  0.104
1898,12,-0.345  0.109
1899,1,-0.198  0.112
1899,2,-0.392  0.118
1899,3,-0.434  0.119
1899,4,-0.204  0.133
1899,5,-0.234  0.127
1899,6,-0.376  0.116
1899,7,-0.282  0.134
1899,8,-0.180  0.128
1899,9,-0.132  0.110
1899,10,-0.108  0.113
1899,11,0.023  0.126
1899,12,-0.301  0.119
1900,1,-0.378  0.139
1900,2,-0.030  0.125
1900,3,-0.030  0.106
1900,4,-0.117  0.114
1900,5,-0.112  0.126
1900,6,-0.173  0.112
1900,7,-0.206  0.122
1900,8,-0.175  0.127
1900,9,-0.153  0.111
1900,10,-0.001  0.101
1900,11,-0.202  0.102
1900,12,-0.097  0.110
1901,1,-0.231  0.117
1901,2,-0.120  0.119
1901,3,-0.058  0.106
1901,4,-0.053  0.114
1901,5,-0.178  0.121
1901,6,-0.260  0.107
1901,7,-0.279  0.124
1901,8,-0.213  0.127
1901,9,-0.302  0.114
1901,10,-0.297  0.112
1901,11,-0.273  0.112
1901,12,-0.324  0.132
1902,1,-0.235  0.110
1902,2,-0.083  0.115
1902,3,-0.348  0.103
1902,4,-0.326  0.114
1902,5,-0.385  0.118
1902,6,-0.367  0.108
1902,7,-0.335  0.119
1902,8,-0.360  0.130
1902,9,-0.359  0.114
1902,10,-0.438  0.101
1902,11,-0.505  0.124
1902,12,-0.487  0.115
1903,1,-0.260  0.109
1903,2,-0.148  0.111
1903,3,-0.374  0.105
1903,4,-0.472  0.116
1903,5,-0.475  0.122
1903,6,-0.542  0.105
1903,7,-0.484  0.125
1903,8,-0.570  0.127
1903,9,-0.586  0.113
1903,10,-0.561  0.105
1903,11,-0.544  0.104
1903,12,-0.547  0.109
1904,1,-0.614  0.113
1904,2,-0.662  0.107
1904,3,-0.617  0.104
1904,4,-0.558  0.113
1904,5,-0.546  0.118
1904,6,-0.526  0.116
1904,7,-0.521  0.128
1904,8,-0.498  0.129
1904,9,-0.568  0.119
1904,10,-0.449  0.105
1904,11,-0.275  0.104
1904,12,-0.329  0.108
1905,1,-0.336  0.114
1905,2,-0.580  0.115
1905,3,-0.384  0.112
1905,4,-0.394  0.118
1905,5,-0.310  0.119
1905,6,-0.329  0.111
1905,7,-0.336  0.120
1905,8,-0.313  0.136
1905,9,-0.351  0.118
1905,10,-0.312  0.110
1905,11,-0.174  0.102
1905,12,-0.241  0.104
1906,1,-0.284  0.117
1906,2,-0.291  0.113
1906,3,-0.165  0.104
1906,4,-0.043  0.113
1906,5,-0.308  0.122
1906,6,-0.269  0.117
1906,7,-0.336  0.127
1906,8,-0.308  0.127
1906,9,-0.341  0.115
1906,10,-0.201  0.109
1906,11,-0.352  0.111
1906,12,-0.180  0.116
1907,1,-0.433  0.108
1907,2,-0.498  0.102
1907,3,-0.308  0.104
1907,4,-0.333  0.109
1907,5,-0.497  0.115
1907,6,-0.465  0.107
1907,7,-0.400  0.121
1907,8,-0.413  0.125
1907,9,-0.390  0.112
1907,10,-0.257  0.103
1907,11,-0.520  0.102
1907,12,-0.471  0.106
1908,1,-0.377  0.098
1908,2,-0.311  0.098
1908,3,-0.609  0.093
1908,4,-0.445  0.100
1908,5,-0.354  0.110
1908,6,-0.399  0.100
1908,7,-0.389  0.115
1908,8,-0.503  0.130
1908,9,-0.409  0.106
1908,10,-0.503  0.100
1908,11,-0.585  0.096
1908,12,-0.563  0.099
1909,1,-0.709  0.090
1909,2,-0.458  0.090
1909,3,-0.565  0.090
1909,4,-0.520  0.096
1909,5,-0.490  0.118
1909,6,-0.475  0.100
1909,7,-0.531  0.116
1909,8,-0.385  0.121
1909,9,-0.469  0.096
1909,10,-0.457  0.092
1909,11,-0.393  0.088
1909,12,-0.492  0.094
1910,1,-0.370  0.093
1910,2,-0.452  0.090
1910,3,-0.543  0.084
1910,4,-0.405  0.097
1910,5,-0.376  0.110
1910,6,-0.418  0.095
1910,7,-0.429  0.112
1910,8,-0.414  0.114
1910,9,-0.429  0.101
1910,10,-0.388  0.092
1910,11,-0.613  0.108
1910,12,-0.698  0.088
1911,1,-0.627  0.090
1911,2,-0.635  0.101
1911,3,-0.650  0.088
1911,4,-0.513  0.095
1911,5,-0.568  0.107
1911,6,-0.530  0.098
1911,7,-0.505  0.115
1911,8,-0.482  0.118
1911,9,-0.493  0.107
1911,10,-0.300  0.093
1911,11,-0.310  0.089
1911,12,-0.266  0.095
1912,1,-0.237  0.087
1912,2,-0.191  0.092
1912,3,-0.413  0.087
1912,4,-0.187  0.095
1912,5,-0.251  0.111
1912,6,-0.255  0.097
1912,7,-0.456  0.119
1912,8,-0.540  0.121
1912,9,-0.624  0.099
1912,10,-0.615  0.092
1912,11,-0.464  0.089
1912,12,-0.496  0.086
1913,1,-0.466  0.087
1913,2,-0.446  0.087
1913,3,-0.483  0.084
1913,4,-0.308  0.095
1913,5,-0.407  0.107
1913,6,-0.477  0.095
1913,7,-0.419  0.111
1913,8,-0.360  0.117
1913,9,-0.418  0.094
1913,10,-0.345  0.088
1913,11,-0.247  0.087
1913,12,-0.051  0.089
1914,1,0.033  0.091
1914,2,-0.187  0.088
1914,3,-0.313  0.083
1914,4,-0.286  0.095
1914,5,-0.232  0.110
1914,6,-0.254  0.100
1914,7,-0.271  0.113
1914,8,-0.211  0.117
1914,9,-0.254  0.110
1914,10,-0.052  0.093
1914,11,-0.133  0.089
1914,12,-0.115  0.090
1915,1,-0.215  0.097
1915,2,-0.096  0.105
1915,3,-0.062  0.110
1915,4,0.072  0.105
1915,5,0.002  0.112
1915,6,-0.183  0.106
1915,7,-0.200  0.124
1915,8,-0.127  0.127
1915,9,-0.231  0.111
1915,10,-0.290  0.096
1915,11,-0.116  0.095
1915,12,-0.228  0.095
1916,1,-0.225  0.105
1916,2,-0.183  0.094
1916,3,-0.312  0.105
1916,4,-0.306  0.102
1916,5,-0.322  0.112
1916,6,-0.373  0.107
1916,7,-0.343  0.127
1916,8,-0.354  0.131
1916,9,-0.373  0.114
1916,10,-0.412  0.099
1916,11,-0.500  0.103
1916,12,-0.733  0.101
1917,1,-0.626  0.114
1917,2,-0.692  0.117
1917,3,-0.719  0.106
1917,4,-0.495  0.110
1917,5,-0.573  0.118
1917,6,-0.478  0.114
1917,7,-0.330  0.127
1917,8,-0.315  0.134
1917,9,-0.307  0.115
1917,10,-0.469  0.103
1917,11,-0.405  0.101
1917,12,-0.670  0.097
1918,1,-0.468  0.108
1918,2,-0.480  0.101
1918,3,-0.433  0.105
1918,4,-0.450  0.115
1918,5,-0.441  0.117
1918,6,-0.392  0.113
1918,7,-0.374  0.127
1918,8,-0.369  0.129
1918,9,-0.252  0.113
1918,10,-0.082  0.103
1918,11,-0.134  0.106
1918,12,-0.280  0.111
1919,1,-0.204  0.112
1919,2,-0.147  0.116
1919,3,-0.288  0.106
1919,4,-0.082  0.112
1919,5,-0.270  0.117
1919,6,-0.351  0.111
1919,7,-0.373  0.127
1919,8,-0.362  0.139
1919,9,-0.402  0.116
1919,10,-0.352  0.102
1919,11,-0.532  0.104
1919,12,-0.457  0.103
1920,1,-0.247  0.107
1920,2,-0.369  0.117
1920,3,-0.173  0.101
1920,4,-0.191  0.114
1920,5,-0.255  0.122
1920,6,-0.265  0.112
1920,7,-0.274  0.127
1920,8,-0.257  0.129
1920,9,-0.198  0.113
1920,10,-0.122  0.101
1920,11,-0.232  0.100
1920,12,-0.453  0.105
1921,1,-0.132  0.104
1921,2,-0.176  0.104
1921,3,-0.296  0.101
1921,4,-0.283  0.108
1921,5,-0.302  0.116
1921,6,-0.203  0.110
1921,7,-0.187  0.123
1921,8,-0.253  0.130
1921,9,-0.160  0.110
1921,10,-0.088  0.101
1921,11,-0.180  0.101
1921,12,-0.141  0.098
1922,1,-0.353  0.098
1922,2,-0.354  0.098
1922,3,-0.163  0.095
1922,4,-0.108  0.104
1922,5,-0.322  0.116
1922,6,-0.276  0.103
1922,7,-0.244  0.117
1922,8,-0.359  0.124
1922,9,-0.355  0.105
1922,10,-0.335  0.099
1922,11,-0.248  0.099
1922,12,-0.221  0.094
1923,1,-0.269  0.096
1923,2,-0.416  0.099
1923,3,-0.355  0.094
1923,4,-0.274  0.108
1923,5,-0.308  0.116
1923,6,-0.256  0.109
1923,7,-0.367  0.118
1923,8,-0.343  0.122
1923,9,-0.333  0.101
1923,10,-0.093  0.091
1923,11,0.006  0.101
1923,12,0.015  0.103
1924,1,-0.250  0.101
1924,2,-0.214  0.096
1924,3,-0.132  0.095
1924,4,-0.214  0.103
1924,5,-0.189  0.114
1924,6,-0.261  0.108
1924,7,-0.262  0.118
1924,8,-0.326  0.125
1924,9,-0.332  0.112
1924,10,-0.330  0.098
1924,11,-0.242  0.095
1924,12,-0.395  0.098
1925,1,-0.392  0.102
1925,2,-0.422  0.109
1925,3,-0.306  0.097
1925,4,-0.247  0.104
1925,5,-0.169  0.117
1925,6,-0.262  0.105
1925,7,-0.290  0.117
1925,8,-0.172  0.122
1925,9,-0.206  0.106
1925,10,-0.170  0.099
1925,11,-0.002  0.095
1925,12,0.127  0.096
1926,1,0.195  0.093
1926,2,0.042  0.094
1926,3,0.067  0.095
1926,4,-0.065  0.105
1926,5,-0.183  0.114
1926,6,-0.170  0.108
1926,7,-0.229  0.122
1926,8,-0.128  0.127
1926,9,-0.135  0.104
1926,10,-0.020  0.093
1926,11,-0.060  0.101
1926,12,-0.202  0.100
1927,1,-0.232  0.097
1927,2,-0.160  0.098
1927,3,-0.354  0.095
1927,4,-0.208  0.102
1927,5,-0.202  0.114
1927,6,-0.279  0.106
1927,7,-0.218  0.117
1927,8,-0.181  0.123
1927,9,-0.134  0.105
1927,10,0.015  0.093
1927,11,-0.080  0.092
1927,12,-0.249  0.096
1928,1,0.059  0.099
1928,2,-0.064  0.100
1928,3,-0.238  0.100
1928,4,-0.167  0.103
1928,5,-0.261  0.118
1928,6,-0.367  0.109
1928,7,-0.217  0.117
1928,8,-0.228  0.121
1928,9,-0.265  0.104
1928,10,-0.162  0.093
1928,11,-0.167  0.100
1928,12,-0.194  0.098
1929,1,-0.435  0.108
1929,2,-0.576  0.101
1929,3,-0.378  0.096
1929,4,-0.330  0.111
1929,5,-0.392  0.118
1929,6,-0.389  0.107
1929,7,-0.410  0.119
1929,8,-0.247  0.124
1929,9,-0.256  0.110
1929,10,-0.161  0.095
1929,11,-0.114  0.098
1929,12,-0.523  0.101
1930,1,-0.306  0.098
1930,2,-0.255  0.103
1930,3,-0.129  0.103
1930,4,-0.167  0.103
1930,5,-0.212  0.115
1930,6,-0.223  0.105
1930,7,-0.159  0.121
1930,8,-0.117  0.128
1930,9,-0.132  0.107
1930,10,-0.050  0.096
1930,11,0.073  0.098
1930,12,-0.054  0.100
1931,1,-0.064  0.099
1931,2,-0.194  0.095
1931,3,-0.093  0.098
1931,4,-0.150  0.102
1931,5,-0.208  0.111
1931,6,-0.090  0.108
1931,7,-0.053  0.119
1931,8,-0.033  0.123
1931,9,-0.047  0.105
1931,10,0.041  0.095
1931,11,-0.080  0.096
1931,12,-0.057  0.094
1932,1,0.113  0.100
1932,2,-0.187  0.099
1932,3,-0.202  0.097
1932,4,0.038  0.103
1932,5,-0.091  0.113
1932,6,-0.215  0.102
1932,7,-0.165  0.117
1932,8,-0.217  0.121
1932,9,-0.063  0.102
1932,10,-0.108  0.089
1932,11,-0.259  0.093
1932,12,-0.191  0.091
1933,1,-0.288  0.105
1933,2,-0.313  0.095
1933,3,-0.348  0.092
1933,4,-0.279  0.103
1933,5,-0.319  0.113
1933,6,-0.363  0.106
1933,7,-0.296  0.120
1933,8,-0.199  0.122
1933,9,-0.342  0.106
1933,10,-0.223  0.091
1933,11,-0.293  0.092
1933,12,-0.396  0.091
1934,1,-0.236  0.099
1934,2,-0.095  0.092
1934,3,-0.396  0.091
1934,4,-0.289  0.104
1934,5,-0.159  0.111
1934,6,-0.150  0.103
1934,7,-0.156  0.121
1934,8,-0.162  0.125
1934,9,-0.200  0.103
1934,10,-0.098  0.092
1934,11,0.009  0.091
1934,12,-0.085  0.092
1935,1,-0.307  0.098
1935,2,0.059  0.099
1935,3,-0.204  0.092
1935,4,-0.267  0.102
1935,5,-0.306  0.111
1935,6,-0.231  0.105
1935,7,-0.180  0.119
1935,8,-0.204  0.120
1935,9,-0.194  0.102
1935,10,-0.099  0.093
1935,11,-0.357  0.092
1935,12,-0.224  0.093
1936,1,-0.284  0.089
1936,2,-0.303  0.097
1936,3,-0.279  0.090
1936,4,-0.189  0.101
1936,5,-0.161  0.110
1936,6,-0.178  0.099
1936,7,-0.093  0.114
1936,8,-0.119  0.118
1936,9,-0.120  0.099
1936,10,0.040  0.092
1936,11,-0.070  0.089
1936,12,0.016  0.088
1937,1,-0.163  0.095
1937,2,0.052  0.095
1937,3,-0.205  0.089
1937,4,-0.070  0.100
1937,5,-0.053  0.110
1937,6,-0.005  0.101
1937,7,0.030  0.115
1937,8,0.065  0.119
1937,9,0.084  0.105
1937,10,0.102  0.089
1937,11,0.020  0.088
1937,12,-0.097  0.093
1938,1,0.020  0.088
1938,2,0.023  0.092
1938,3,0.022  0.086
1938,4,0.028  0.100
1938,5,-0.116  0.111
1938,6,-0.148  0.102
1938,7,-0.092  0.116
1938,8,-0.025  0.118
1938,9,0.024  0.103
1938,10,0.107  0.094
1938,11,0.004  0.091
1938,12,-0.190  0.091
1939,1,-0.000  0.090
1939,2,-0.039  0.091
1939,3,-0.205  0.087
1939,4,-0.009  0.099
1939,5,0.083  0.111
1939,6,0.052  0.101
1939,7,-0.036  0.117
1939,8,-0.012  0.125
1939,9,-0.041  0.117
1939,10,-0.099  0.117
1939,11,-0.037  0.111
1939,12,0.363  0.113
1940,1,-0.039  0.101
1940,2,0.119  0.107
1940,3,0.055  0.102
1940,4,0.113  0.116
1940,5,-0.008  0.125
1940,6,-0.003  0.115
1940,7,0.100  0.130
1940,8,0.054  0.133
1940,9,0.035  0.120
1940,10,-0.000  0.114
1940,11,-0.072  0.114
1940,12,0.180  0.111
1941,1,0.024  0.207
1941,2,0.101  0.210
1941,3,-0.056  0.207
1941,4,0.046  0.214
1941,5,0.002  0.218
1941,6,0.033  0.210
1941,7,0.089  0.217
1941,8,-0.001  0.222
1941,9,-0.161  0.215
1941,10,0.204  0.212
1941,11,0.042  0.213
1941,12,0.162  0.211
1942,1,0.259  0.210
1942,2,0.018  0.210
1942,3,0.100  0.209
1942,4,0.057  0.212
1942,5,0.077  0.219
1942,6,0.044  0.211
1942,7,-0.053  0.218
1942,8,-0.088  0.226
1942,9,-0.061  0.217
1942,10,-0.012  0.213
1942,11,0.029  0.212
1942,12,0.062  0.210
1943,1,-0.029  0.213
1943,2,0.142  0.211
1943,3,-0.053  0.210
1943,4,0.087  0.215
1943,5,0.046  0.219
1943,6,-0.076  0.213
1943,7,0.043  0.220
1943,8,0.055  0.222
1943,9,0.001  0.212
1943,10,0.226  0.209
1943,11,0.115  0.211
1943,12,0.248  0.211
1944,1,0.341  0.208
1944,2,0.246  0.210
1944,3,0.209  0.210
1944,4,0.173  0.214
1944,5,0.141  0.217
1944,6,0.091  0.214
1944,7,0.174  0.219
1944,8,0.235  0.225
1944,9,0.192  0.214
1944,10,0.240  0.214
1944,11,0.055  0.214
1944,12,0.047  0.213
1945,1,0.065  0.213
1945,2,-0.049  0.214
1945,3,0.075  0.212
1945,4,0.212  0.214
1945,5,0.018  0.220
1945,6,0.018  0.218
1945,7,0.009  0.224
1945,8,0.232  0.227
1945,9,0.125  0.214
1945,10,0.184  0.206
1945,11,0.061  0.203
1945,12,-0.090  0.205
1946,1,0.056  0.157
1946,2,0.002  0.150
1946,3,-0.014  0.146
1946,4,0.116  0.149
1946,5,-0.112  0.157
1946,6,-0.229  0.147
1946,7,-0.095  0.158
1946,8,-0.164  0.165
1946,9,-0.122  0.154
1946,10,-0.004  0.150
1946,11,-0.069  0.142
1946,12,-0.276  0.137
1947,1,-0.097  0.141
1947,2,-0.070  0.135
1947,3,0.036  0.134
1947,4,0.051  0.145
1947,5,-0.083  0.153
1947,6,-0.056  0.148
1947,7,-0.071  0.156
1947,8,-0.132  0.157
1947,9,-0.134  0.150
1947,10,0.036  0.144
1947,11,-0.024  0.142
1947,12,-0.105  0.137
1948,1,0.089  0.134
1948,2,-0.147  0.135
1948,3,-0.234  0.136
1948,4,-0.090  0.141
1948,5,0.017  0.147
1948,6,0.004  0.142
1948,7,-0.084  0.151
1948,8,-0.053  0.149
1948,9,-0.133  0.136
1948,10,-0.067  0.136
1948,11,-0.162  0.137
1948,12,-0.217  0.128
1949,1,0.118  0.117
1949,2,-0.175  0.115
1949,3,-0.181  0.114
1949,4,-0.029  0.122
1949,5,-0.071  0.129
1949,6,-0.217  0.123
1949,7,-0.136  0.131
1949,8,-0.083  0.133
1949,9,-0.147  0.118
1949,10,-0.042  0.108
1949,11,-0.114  0.104
1949,12,-0.137  0.102
1950,1,-0.260  0.100
1950,2,-0.289  0.099
1950,3,-0.180  0.094
1950,4,-0.205  0.104
1950,5,-0.087  0.111
1950,6,-0.055  0.106
1950,7,-0.054  0.113
1950,8,-0.168  0.107
1950,9,-0.204  0.101
1950,10,-0.174  0.096
1950,11,-0.361  0.087
1950,12,-0.185  0.086
1951,1,-0.252  0.084
1951,2,-0.356  0.084
1951,3,-0.200  0.084
1951,4,-0.079  0.090
1951,5,0.057  0.105
1951,6,0.054  0.103
1951,7,0.044  0.100
1951,8,0.143  0.106
1951,9,0.089  0.094
1951,10,0.150  0.091
1951,11,0.017  0.084
1951,12,0.202  0.079
1952,1,0.187  0.080
1952,2,0.153  0.087
1952,3,-0.092  0.084
1952,4,0.069  0.101
1952,5,0.022  0.113
1952,6,0.041  0.103
1952,7,0.080  0.117
1952,8,0.060  0.118
1952,9,0.073  0.102
1952,10,0.072  0.091
1952,11,-0.110  0.090
1952,12,0.043  0.089
1953,1,0.089  0.090
1953,2,0.211  0.092
1953,3,0.130  0.089
1953,4,0.237  0.100
1953,5,0.204  0.115
1953,6,0.198  0.109
1953,7,0.088  0.119
1953,8,0.093  0.121
1953,9,0.074  0.104
1953,10,0.075  0.092
1953,11,-0.076  0.089
1953,12,0.127  0.090
1954,1,-0.184  0.085
1954,2,-0.055  0.091
1954,3,-0.085  0.088
1954,4,-0.072  0.096
1954,5,-0.110  0.103
1954,6,-0.076  0.099
1954,7,-0.130  0.104
1954,8,-0.076  0.103
1954,9,-0.068  0.101
1954,10,0.040  0.088
1954,11,0.098  0.084
1954,12,-0.117  0.083
1955,1,0.169  0.081
1955,2,-0.080  0.087
1955,3,-0.291  0.079
1955,4,-0.191  0.088
1955,5,-0.208  0.098
1955,6,-0.129  0.091
1955,7,-0.158  0.094
1955,8,0.015  0.097
1955,9,-0.191  0.086
1955,10,-0.059  0.080
1955,11,-0.191  0.078
1955,12,-0.241  0.075
1956,1,-0.120  0.070
1956,2,-0.208  0.071
1956,3,-0.254  0.068
1956,4,-0.259  0.079
1956,5,-0.282  0.082
1956,6,-0.208  0.080
1956,7,-0.158  0.083
1956,8,-0.317  0.079
1956,9,-0.266  0.074
1956,10,-0.234  0.070
1956,11,-0.181  0.070
1956,12,-0.078  0.069
1957,1,-0.128  0.066
1957,2,-0.057  0.067
1957,3,-0.118  0.067
1957,4,-0.009  0.070
1957,5,0.091  0.073
1957,6,0.149  0.073
1957,7,0.009  0.094
1957,8,0.120  0.073
1957,9,0.060  0.086
1957,10,0.045  0.074
1957,11,0.081  0.072
1957,12,0.202  0.062
1958,1,0.320  0.064
1958,2,0.219  0.078
1958,3,0.054  0.064
1958,4,0.025  0.076
1958,5,0.057  0.072
1958,6,-0.063  0.075
1958,7,0.021  0.076
1958,8,-0.066  0.078
1958,9,-0.085  0.072
1958,10,0.007  0.066
1958,11,0.067  0.065
1958,12,0.068  0.068
1959,1,0.075  0.064
1959,2,0.037  0.065
1959,3,0.129  0.074
1959,4,0.158  0.070
1959,5,0.051  0.071
1959,6,0.056  0.071
1959,7,0.040  0.078
1959,8,-0.012  0.068
1959,9,-0.065  0.070
1959,10,-0.035  0.072
1959,11,-0.175  0.062
1959,12,-0.023  0.062
1960,1,-0.051  0.062
1960,2,0.098  0.064
1960,3,-0.356  0.060
1960,4,-0.117  0.066
1960,5,-0.132  0.068
1960,6,-0.045  0.074
1960,7,-0.016  0.063
1960,8,0.056  0.069
1960,9,0.055  0.063
1960,10,0.022  0.060
1960,11,-0.148  0.062
1960,12,0.142  0.054
1961,1,0.063  0.053
1961,2,0.203  0.050
1961,3,0.081  0.050
1961,4,0.121  0.063
1961,5,0.125  0.068
1961,6,0.100  0.066
1961,7,0.016  0.062
1961,8,0.027  0.059
1961,9,-0.027  0.053
1961,10,-0.038  0.060
1961,11,-0.014  0.046
1961,12,-0.121  0.049
1962,1,0.057  0.048
1962,2,0.124  0.049
1962,3,0.017  0.050
1962,4,-0.007  0.053
1962,5,-0.129  0.053
1962,6,-0.060  0.066
1962,7,-0.059  0.057
1962,8,-0.096  0.052
1962,9,-0.095  0.072
1962,10,-0.004  0.057
1962,11,-0.037  0.043
1962,12,-0.014  0.048
1963,1,-0.016  0.047
1963,2,0.157  0.045
1963,3,-0.157  0.054
1963,4,-0.101  0.060
1963,5,-0.121  0.054
1963,6,-0.077  0.054
1963,7,0.061  0.068
1963,8,0.196  0.062
1963,9,0.170  0.070
1963,10,0.210  0.057
1963,11,0.103  0.056
1963,12,0.010  0.049
1964,1,-0.013  0.045
1964,2,-0.121  0.049
1964,3,-0.260  0.050
1964,4,-0.302  0.051
1964,5,-0.282  0.050
1964,6,-0.106  0.055
1964,7,-0.156  0.055
1964,8,-0.251  0.062
1964,9,-0.306  0.047
1964,10,-0.267  0.048
1964,11,-0.254  0.047
1964,12,-0.268  0.043
1965,1,-0.041  0.050
1965,2,-0.166  0.052
1965,3,-0.215  0.048
1965,4,-0.246  0.046
1965,5,-0.095  0.066
1965,6,-0.081  0.064
1965,7,-0.154  0.063
1965,8,-0.087  0.052
1965,9,-0.152  0.059
1965,10,0.007  0.054
1965,11,-0.125  0.052
1965,12,0.020  0.044
1966,1,-0.111  0.045
1966,2,-0.027  0.045
1966,3,-0.032  0.050
1966,4,-0.014  0.050
1966,5,-0.100  0.053
1966,6,-0.039  0.057
1966,7,0.079  0.056
1966,8,-0.016  0.058
1966,9,-0.002  0.055
1966,10,-0.053  0.053
1966,11,-0.046  0.045
1966,12,-0.102  0.043
1967,1,-0.064  0.041
1967,2,-0.140  0.044
1967,3,-0.004  0.046
1967,4,-0.033  0.046
1967,5,0.144  0.054
1967,6,-0.044  0.050
1967,7,-0.010  0.059
1967,8,-0.077  0.059
1967,9,-0.088  0.051
1967,10,0.048  0.045
1967,11,-0.060  0.040
1967,12,-0.044  0.034
1968,1,-0.202  0.037
1968,2,-0.124  0.044
1968,3,0.095  0.038
1968,4,-0.073  0.046
1968,5,-0.161  0.052
1968,6,-0.083  0.051
1968,7,-0.189  0.045
1968,8,-0.154  0.046
1968,9,-0.219  0.059
1968,10,0.088  0.049
1968,11,0.054  0.040
1968,12,0.016  0.035
1969,1,-0.084  0.036
1969,2,-0.100  0.047
1969,3,0.067  0.048
1969,4,0.193  0.042
1969,5,0.194  0.043
1969,6,0.115  0.050
1969,7,-0.049  0.056
1969,8,0.033  0.040
1969,9,-0.018  0.049
1969,10,0.054  0.043
1969,11,0.098  0.039
1969,12,0.180  0.036
1970,1,0.135  0.028
1970,2,0.225  0.039
1970,3,0.029  0.045
1970,4,0.107  0.041
1970,5,0.021  0.036
1970,6,-0.056  0.045
1970,7,-0.069  0.039
1970,8,-0.105  0.039
1970,9,0.043  0.039
1970,10,0.034  0.035
1970,11,-0.031  0.030
1970,12,-0.074  0.028
1971,1,0.034  0.032
1971,2,-0.189  0.041
1971,3,-0.236  0.029
1971,4,-0.098  0.029
1971,5,-0.095  0.041
1971,6,-0.151  0.043
1971,7,-0.122  0.037
1971,8,-0.145  0.047
1971,9,-0.135  0.043
1971,10,-0.108  0.034
1971,11,-0.043  0.037
1971,12,-0.095  0.035
1972,1,-0.251  0.041
1972,2,-0.150  0.038
1972,3,-0.001  0.044
1972,4,0.032  0.030
1972,5,0.026  0.038
1972,6,0.026  0.043
1972,7,-0.036  0.051
1972,8,0.110  0.045
1972,9,-0.045  0.043
1972,10,0.040  0.052
1972,11,0.030  0.028
1972,12,0.235  0.026
1973,1,0.240  0.038
1973,2,0.317  0.034
1973,3,0.258  0.028
1973,4,0.295  0.046
1973,5,0.232  0.037
1973,6,0.129  0.040
1973,7,0.036  0.041
1973,8,0.022  0.049
1973,9,0.006  0.045
1973,10,0.097  0.047
1973,11,0.037  0.032
1973,12,0.009  0.031
1974,1,-0.214  0.029
1974,2,-0.292  0.044
1974,3,-0.142  0.039
1974,4,-0.066  0.040
1974,5,-0.079  0.037
1974,6,-0.054  0.038
1974,7,-0.080  0.044
1974,8,0.080  0.051
1974,9,-0.093  0.048
1974,10,-0.076  0.039
1974,11,-0.070  0.041
1974,12,-0.055  0.035
1975,1,0.112  0.036
1975,2,0.083  0.040
1975,3,0.128  0.033
1975,4,0.065  0.043
1975,5,0.117  0.038
1975,6,-0.014  0.048
1975,7,-0.053  0.047
1975,8,-0.169  0.046
1975,9,-0.066  0.041
1975,10,-0.067  0.039
1975,11,-0.214  0.038
1975,12,-0.132  0.031
1976,1,-0.045  0.034
1976,2,-0.121  0.036
1976,3,-0.276  0.033
1976,4,-0.093  0.041
1976,5,-0.252  0.039
1976,6,-0.189  0.062
1976,7,-0.056  0.076
1976,8,-0.135  0.076
1976,9,-0.073  0.049
1976,10,-0.177  0.055
1976,11,-0.003  0.043
1976,12,0.191  0.034
1977,1,0.179  0.031
1977,2,0.268  0.035
1977,3,0.281  0.035
1977,4,0.297  0.036
1977,5,0.298  0.067
1977,6,0.270  0.041
1977,7,0.140  0.048
1977,8,0.181  0.048
1977,9,0.089  0.039
1977,10,0.129  0.046
1977,11,0.231  0.035
1977,12,0.081  0.042
1978,1,0.131  0.038
1978,2,0.188  0.034
1978,3,0.192  0.030
1978,4,0.171  0.045
1978,5,0.106  0.038
1978,6,0.014  0.045
1978,7,0.050  0.055
1978,8,-0.156  0.050
1978,9,0.048  0.049
1978,10,0.027  0.041
1978,11,0.161  0.037
1978,12,0.136  0.043
1979,1,0.162  0.029
1979,2,0.063  0.030
1979,3,0.202  0.040
1979,4,0.217  0.035
1979,5,0.072  0.047
1979,6,0.116  0.051
1979,7,0.079  0.035
1979,8,0.145  0.043
1979,9,0.196  0.041
1979,10,0.226  0.040
1979,11,0.279  0.025
1979,12,0.506  0.031
1980,1,0.352  0.030
1980,2,0.399  0.030
1980,3,0.299  0.042
1980,4,0.388  0.052
1980,5,0.306  0.044
1980,6,0.196  0.040
1980,7,0.272  0.047
1980,8,0.257  0.062
1980,9,0.174  0.033
1980,10,0.131  0.038
1980,11,0.321  0.037
1980,12,0.240  0.029
1981,1,0.483  0.033
1981,2,0.354  0.029
1981,3,0.394  0.034
1981,4,0.260  0.033
1981,5,0.193  0.039
1981,6,0.324  0.040
1981,7,0.336  0.042
1981,8,0.365  0.036
1981,9,0.225  0.047
1981,10,0.156  0.034
1981,11,0.161  0.038
1981,12,0.443  0.038
1982,1,0.135  0.039
1982,2,0.141  0.032
1982,3,-0.013  0.034
1982,4,0.169  0.044
1982,5,0.185  0.041
1982,6,0.077  0.046
1982,7,0.133  0.046
1982,8,0.080  0.044
1982,9,0.131  0.044
1982,10,0.162  0.043
1982,11,0.146  0.050
1982,12,0.418  0.045
1983,1,0.513  0.039
1983,2,0.474  0.040
1983,3,0.339  0.032
1983,4,0.297  0.038
1983,5,0.316  0.039
1983,6,0.202  0.044
1983,7,0.173  0.050
1983,8,0.324  0.043
1983,9,0.341  0.051
1983,10,0.214  0.044
1983,11,0.319  0.041
1983,12,0.204  0.042
1984,1,0.235  0.039
1984,2,0.152  0.039
1984,3,0.260  0.028
1984,4,0.187  0.063
1984,5,0.289  0.037
1984,6,0.042  0.061
1984,7,0.055  0.039
1984,8,0.135  0.039
1984,9,0.136  0.040
1984,10,0.057  0.041
1984,11,-0.006  0.036
1984,12,-0.056  0.030
1985,1,0.225  0.035
1985,2,0.020  0.032
1985,3,0.169  0.031
1985,4,0.165  0.043
1985,5,0.153  0.038
1985,6,0.109  0.042
1985,7,0.010  0.046
1985,8,0.202  0.032
1985,9,0.094  0.043
1985,10,0.150  0.038
1985,11,0.079  0.033
1985,12,0.158  0.031
1986,1,0.268  0.035
1986,2,0.372  0.035
1986,3,0.236  0.031
1986,4,0.249  0.033
1986,5,0.164  0.032
1986,6,0.076  0.038
1986,7,0.084  0.035
1986,8,0.133  0.036
1986,9,0.050  0.035
1986,10,0.148  0.040
1986,11,0.092  0.035
1986,12,0.162  0.029
1987,1,0.307  0.040
1987,2,0.453  0.032
1987,3,0.192  0.032
1987,4,0.267  0.033
1987,5,0.252  0.032
1987,6,0.309  0.035
1987,7,0.384  0.042
1987,8,0.261  0.035
1987,9,0.349  0.039
1987,10,0.324  0.045
1987,11,0.247  0.032
1987,12,0.480  0.036
1988,1,0.532  0.030
1988,2,0.352  0.031
1988,3,0.454  0.036
1988,4,0.440  0.032
1988,5,0.346  0.031
1988,6,0.364  0.038
1988,7,0.270  0.033
1988,8,0.357  0.043
1988,9,0.317  0.037
1988,10,0.340  0.039
1988,11,0.173  0.037
1988,12,0.298  0.032
1989,1,0.136  0.039
1989,2,0.269  0.031
1989,3,0.267  0.031
1989,4,0.255  0.039
1989,5,0.120  0.037
1989,6,0.134  0.038
1989,7,0.258  0.049
1989,8,0.253  0.053
1989,9,0.259  0.043
1989,10,0.305  0.039
1989,11,0.224  0.037
1989,12,0.446  0.032
1990,1,0.441  0.038
1990,2,0.444  0.038
1990,3,0.675  0.033
1990,4,0.522  0.039
1990,5,0.381  0.037
1990,6,0.351  0.035
1990,7,0.347  0.043
1990,8,0.297  0.037
1990,9,0.238  0.055
1990,10,0.448  0.039
1990,11,0.447  0.061
1990,12,0.462  0.035
1991,1,0.434  0.034
1991,2,0.507  0.034
1991,3,0.322  0.033
1991,4,0.524  0.033
1991,5,0.358  0.038
1991,6,0.463  0.037
1991,7,0.459  0.037
1991,8,0.355  0.041
1991,9,0.312  0.044
1991,10,0.319  0.040
1991,11,0.297  0.035
1991,12,0.343  0.032
1992,1,0.510  0.033
1992,2,0.457  0.035
1992,3,0.397  0.040
1992,4,0.293  0.046
1992,5,0.293  0.040
1992,6,0.241  0.048
1992,7,0.064  0.041
1992,8,0.077  0.043
1992,9,-0.036  0.043
1992,10,0.097  0.043
1992,11,0.036  0.041
1992,12,0.258  0.037
1993,1,0.429  0.037
1993,2,0.392  0.034
1993,3,0.379  0.034
1993,4,0.296  0.035
1993,5,0.256  0.038
1993,6,0.233  0.039
1993,7,0.238  0.042
1993,8,0.130  0.043
1993,9,0.136  0.047
1993,10,0.248  0.041
1993,11,0.105  0.043
1993,12,0.265  0.037
1994,1,0.288  0.035
1994,2,0.077  0.035
1994,3,0.375  0.038
1994,4,0.388  0.034
1994,5,0.332  0.039
1994,6,0.399  0.040
1994,7,0.269  0.042
1994,8,0.228  0.035
1994,9,0.265  0.038
1994,10,0.421  0.042
1994,11,0.432  0.037
1994,12,0.367  0.034
1995,1,0.514  0.036
1995,2,0.701  0.030
1995,3,0.437  0.036
1995,4,0.413  0.032
1995,5,0.290  0.035
1995,6,0.418  0.039
1995,7,0.471  0.040
1995,8,0.466  0.038
1995,9,0.322  0.039
1995,10,0.440  0.036
1995,11,0.404  0.034
1995,12,0.302  0.037
1996,1,0.259  0.035
1996,2,0.485  0.041
1996,3,0.309  0.036
1996,4,0.341  0.031
1996,5,0.276  0.033
1996,6,0.242  0.038
1996,7,0.310  0.038
1996,8,0.384  0.038
1996,9,0.200  0.044
1996,10,0.198  0.040
1996,11,0.287  0.035
1996,12,0.405  0.035
1997,1,0.373  0.036
1997,2,0.451  0.037
1997,3,0.479  0.031
1997,4,0.419  0.038
1997,5,0.365  0.038
1997,6,0.543  0.041
1997,7,0.405  0.040
1997,8,0.444  0.039
1997,9,0.523  0.037
1997,10,0.640  0.036
1997,11,0.639  0.034
1997,12,0.634  0.035
1998,1,0.621  0.033
1998,2,0.909  0.036
1998,3,0.598  0.032
1998,4,0.694  0.035
1998,5,0.654  0.034
1998,6,0.659  0.043
1998,7,0.679  0.040
1998,8,0.677  0.033
1998,9,0.419  0.039
1998,10,0.459  0.049
1998,11,0.367  0.035
1998,12,0.568  0.037
1999,1,0.484  0.036
1999,2,0.660  0.036
1999,3,0.333  0.034
1999,4,0.369  0.033
1999,5,0.278  0.036
1999,6,0.333  0.043
1999,7,0.288  0.040
1999,8,0.269  0.034
1999,9,0.329  0.037
1999,10,0.335  0.036
1999,11,0.331  0.034
1999,12,0.449  0.038
2000,1,0.295  0.035
2000,2,0.518  0.035
2000,3,0.467  0.037
2000,4,0.552  0.033
2000,5,0.351  0.031
2000,6,0.362  0.033
2000,7,0.302  0.039
2000,8,0.393  0.033
2000,9,0.338  0.035
2000,10,0.241  0.039
2000,11,0.295  0.033
2000,12,0.288  0.031
2001,1,0.473  0.033
2001,2,0.455  0.035
2001,3,0.613  0.031
2001,4,0.584  0.031
2001,5,0.528  0.035
2001,6,0.492  0.035
2001,7,0.510  0.035
2001,8,0.460  0.035
2001,9,0.468  0.041
2001,10,0.463  0.037
2001,11,0.648  0.039
2001,12,0.546  0.038
2002,1,0.764  0.036
2002,2,0.766  0.041
2002,3,0.816  0.033
2002,4,0.617  0.031
2002,5,0.586  0.033
2002,6,0.476  0.033
2002,7,0.562  0.041
2002,8,0.499  0.036
2002,9,0.545  0.030
2002,10,0.521  0.035
2002,11,0.521  0.037
2002,12,0.460  0.033
2003,1,0.738  0.032
2003,2,0.641  0.032
2003,3,0.586  0.032
2003,4,0.563  0.030
2003,5,0.545  0.031
2003,6,0.455  0.035
2003,7,0.508  0.043
2003,8,0.564  0.033
2003,9,0.570  0.034
2003,10,0.662  0.037
2003,11,0.488  0.033
2003,12,0.748  0.033
2004,1,0.621  0.035
2004,2,0.749  0.037
2004,3,0.625  0.030
2004,4,0.619  0.033
2004,5,0.377  0.030
2004,6,0.372  0.036
2004,7,0.296  0.034
2004,8,0.444  0.034
2004,9,0.496  0.036
2004,10,0.578  0.029
2004,11,0.686  0.035
2004,12,0.486  0.031
2005,1,0.686  0.031
2005,2,0.558  0.033
2005,3,0.714  0.034
2005,4,0.690  0.029
2005,5,0.575  0.030
2005,6,0.601  0.034
2005,7,0.574  0.034
2005,8,0.540  0.030
2005,9,0.628  0.030
2005,10,0.699  0.033
2005,11,0.666  0.036
2005,12,0.640  0.031
2006,1,0.500  0.032
2006,2,0.685  0.036
2006,3,0.581  0.035
2006,4,0.503  0.030
2006,5,0.422  0.031
2006,6,0.593  0.033
2006,7,0.491  0.033
2006,8,0.640  0.032
2006,9,0.527  0.030
2006,10,0.592  0.030
2006,11,0.577  0.033
2006,12,0.730  0.036
2007,1,0.927  0.029
2007,2,0.668  0.033
2007,3,0.615  0.036
2007,4,0.708  0.036
2007,5,0.604  0.028
2007,6,0.542  0.035
2007,7,0.559  0.036
2007,8,0.505  0.029
2007,9,0.470  0.029
2007,10,0.520  0.030
2007,11,0.478  0.030
2007,12,0.422  0.031
2008,1,0.255  0.036
2008,2,0.329  0.032
2008,3,0.684  0.036
2008,4,0.501  0.034
2008,5,0.458  0.030
2008,6,0.448  0.029
2008,7,0.526  0.034
2008,8,0.442  0.034
2008,9,0.501  0.028
2008,10,0.614  0.030
2008,11,0.574  0.031
2008,12,0.483  0.028
2009,1,0.607  0.032
2009,2,0.539  0.036
2009,3,0.504  0.039
2009,4,0.594  0.038
2009,5,0.566  0.033
2009,6,0.635  0.036
2009,7,0.684  0.034
2009,8,0.634  0.029
2009,9,0.625  0.026
2009,10,0.596  0.031
2009,11,0.631  0.033
2009,12,0.613  0.036
2010,1,0.720  0.028
2010,2,0.774  0.031
2010,3,0.829  0.040
2010,4,0.822  0.041
2010,5,0.703  0.029
2010,6,0.620  0.033
2010,7,0.609  0.034
2010,8,0.606  0.032
2010,9,0.529  0.032
2010,10,0.611  0.029
2010,11,0.631  0.035
2010,12,0.429  0.036
2011,1,0.467  0.037
2011,2,0.451  0.033
2011,3,0.505  0.036
2011,4,0.598  0.034
2011,5,0.482  0.032
2011,6,0.587  0.039
2011,7,0.676  0.036
2011,8,0.671  0.031
2011,9,0.503  0.030
2011,10,0.554  0.029
2011,11,0.450  0.037
2011,12,0.522  0.036
2012,1,0.381  0.038
2012,2,0.422  0.035
2012,3,0.486  0.032
2012,4,0.667  0.033
2012,5,0.691  0.029
2012,6,0.625  0.038
2012,7,0.566  0.036
2012,8,0.615  0.030
2012,9,0.622  0.030
2012,10,0.687  0.038
2012,11,0.657  0.037
2012,12,0.449  0.037
2013,1,0.637  0.032
2013,2,0.628  0.032
2013,3,0.578  0.039
2013,4,0.531  0.046
2013,5,0.583  0.041
2013,6,0.630  0.032
2013,7,0.570  0.032
2013,8,0.654  0.030
2013,9,0.644  0.031
2013,10,0.600  0.030
2013,11,0.770  0.037
2013,12,0.627  0.041
2014,1,0.674  0.035
2014,2,0.435  0.040
2014,3,0.676  0.044
2014,4,0.789  0.041
2014,5,0.761  0.039
2014,6,0.666  0.039
2014,7,0.580  0.035
2014,8,0.782  0.034
2014,9,0.749  0.032
2014,10,0.711  0.030
2014,11,0.569  0.033
2014,12,0.746  0.035
2015,1,0.795  0.039
2015,2,0.833  0.032
2015,3,0.849  0.037
2015,4,0.771  0.052
2015,5,0.786  0.036
2015,6,0.778  0.030
2015,7,0.726  0.034
2015,8,0.792  0.035
2015,9,0.812  0.030
2015,10,0.965  0.034
2015,11,0.920  0.032
2015,12,1.108  0.030
2016,1,1.057  0.043
2016,2,1.183  0.032
2016,3,1.213  0.039
2016,4,1.077  0.040
2016,5,0.895  0.033
2016,6,0.768  0.037
2016,7,0.779  0.037
2016,8,0.920  0.031
2016,9,0.786  0.028
2016,10,0.757  0.035
2016,11,0.741  0.037
2016,12,0.799  0.031
2017,1,0.923  0.048
2017,2,1.038  0.037
2017,3,1.060  0.035
2017,4,0.911  0.037
2017,5,0.874  0.034
2017,6,0.683  0.030
2017,7,0.765  0.034
2017,8,0.813  0.031
2017,9,0.702  0.029
2017,10,0.799  0.037
2017,11,0.708  0.038
2017,12,0.791  0.031
2018,1,0.727  0.036
2018,2,0.707  0.038
2018,3,0.824  0.033
2018,4,0.841  0.047
2018,5,0.762  0.041
2018,6,0.716  0.031
2018,7,0.734  0.033
2018,8,0.715  0.039
2018,9,0.681  0.027
2018,10,0.857  0.038
2018,11,0.726  0.035
2018,12,0.840  0.031
2019,1,0.907  0.035
2019,2,0.880  0.035
2019,3,1.061  0.039
2019,4,0.960  0.044
2019,5,0.767  0.042
2019,6,0.758  0.037
2019,7,0.857  0.032
2019,8,0.853  0.035
2019,9,0.815  0.032
2019,10,0.936  0.035
2019,11,0.878  0.045
2019,12,1.027  0.042
2020,1,1.137  0.039
2020,2,1.154  0.035
2020,3,1.082  0.036
2020,4,1.067  0.046
2020,5,0.900  0.037
2020,6,0.831  0.031
2020,7,0.859  0.033
2020,8,0.875  0.031
2020,9,0.862  0.034
2020,10,0.775  0.037
2020,11,0.888  0.043
2020,12,0.706  0.040
2021,1,0.733  0.043
